Setup title,2n7000 Fall 2019 Id-Vd,,,,,,,,,,,,,,
Application test name,Id-Vd[3],,,,,,,,,,,,,,
Test date,11/14/2019,,,,,,,,,,,,,,
Test time,18:29:53,,,,,,,,,,,,,,
Device ID,,,,,,,,,,,,,,,
Count,1,,,,,,,,,,,,,,
Flags,,,,,,,,,,,,,,,
Remarks,,,,,,,,,,,,,,,
Name,Gate,Source,Drain,VgStart,VgStop,VgStep,Vs,VdStart,VdStop,VdStep,IgLimit,IntegTime,HoldTime,DelayTime,DrainMinRng
Value,"SMU4:MP	MPSMU","SMU5:MP	MPSMU","SMU3:MP	MPSMU",2,3.2,0.15,0,0,4,0.05,0.001,SHORT,0,0,1nA
Name,Polarity,Lg,Wg,Temp,IdMax,,,,,,,,,,
Value,1,1.50E-06,4.65E-05,25,0.1,,,,,,,,,,
Vdrain1,Idrain,Vgate,Vsource,IdrainPerWg,,,,,,,,,,,
0,1.38E-07,2,0,2.96E-09,,,,,,,,,,,
0.05,0.00022714,2,0,4.88E-06,,,,,,,,,,,
0.1,0.00030763,2,0,6.62E-06,,,,,,,,,,,
0.15,0.00034526,2,0,7.42E-06,,,,,,,,,,,
0.2,0.00036955,2,0,7.95E-06,,,,,,,,,,,
0.25,0.00038856,2,0,8.36E-06,,,,,,,,,,,
0.3,0.00040426,2,0,8.69E-06,,,,,,,,,,,
0.35,0.00041773,2,0,8.98E-06,,,,,,,,,,,
0.4,0.00042976,2,0,9.24E-06,,,,,,,,,,,
0.45,0.00044056,2,0,9.47E-06,,,,,,,,,,,
0.5,0.00045029,2,0,9.68E-06,,,,,,,,,,,
0.55,0.00045946,2,0,9.88E-06,,,,,,,,,,,
0.6,0.0004678,2,0,1.01E-05,,,,,,,,,,,
0.65,0.00047572,2,0,1.02E-05,,,,,,,,,,,
0.7,0.00048333,2,0,1.04E-05,,,,,,,,,,,
0.75,0.00049025,2,0,1.05E-05,,,,,,,,,,,
0.8,0.00049719,2,0,1.07E-05,,,,,,,,,,,
0.85,0.00050366,2,0,1.08E-05,,,,,,,,,,,
0.9,0.00050986,2,0,1.10E-05,,,,,,,,,,,
0.95,0.00051582,2,0,1.11E-05,,,,,,,,,,,
1,0.00052147,2,0,1.12E-05,,,,,,,,,,,
1.05,0.00052719,2,0,1.13E-05,,,,,,,,,,,
1.1,0.00053272,2,0,1.15E-05,,,,,,,,,,,
1.15,0.00053784,2,0,1.16E-05,,,,,,,,,,,
1.2,0.00054302,2,0,1.17E-05,,,,,,,,,,,
1.25,0.00054809,2,0,1.18E-05,,,,,,,,,,,
1.3,0.00055299,2,0,1.19E-05,,,,,,,,,,,
1.35,0.00055771,2,0,1.20E-05,,,,,,,,,,,
1.4,0.0005622,2,0,1.21E-05,,,,,,,,,,,
1.45,0.00056695,2,0,1.22E-05,,,,,,,,,,,
1.5,0.00057148,2,0,1.23E-05,,,,,,,,,,,
1.55,0.00057579,2,0,1.24E-05,,,,,,,,,,,
1.6,0.00057994,2,0,1.25E-05,,,,,,,,,,,
1.65,0.00058435,2,0,1.26E-05,,,,,,,,,,,
1.7,0.00058839,2,0,1.27E-05,,,,,,,,,,,
1.75,0.00059234,2,0,1.27E-05,,,,,,,,,,,
1.8,0.00059632,2,0,1.28E-05,,,,,,,,,,,
1.85,0.00060038,2,0,1.29E-05,,,,,,,,,,,
1.9,0.00060417,2,0,1.30E-05,,,,,,,,,,,
1.95,0.00060796,2,0,1.31E-05,,,,,,,,,,,
2,0.00061165,2,0,1.32E-05,,,,,,,,,,,
2.05,0.00061541,2,0,1.32E-05,,,,,,,,,,,
2.1,0.00061894,2,0,1.33E-05,,,,,,,,,,,
2.15,0.00062247,2,0,1.34E-05,,,,,,,,,,,
2.2,0.00062597,2,0,1.35E-05,,,,,,,,,,,
2.25,0.00062953,2,0,1.35E-05,,,,,,,,,,,
2.3,0.00063299,2,0,1.36E-05,,,,,,,,,,,
2.35,0.00063643,2,0,1.37E-05,,,,,,,,,,,
2.4,0.00063988,2,0,1.38E-05,,,,,,,,,,,
2.45,0.00064336,2,0,1.38E-05,,,,,,,,,,,
2.5,0.00064642,2,0,1.39E-05,,,,,,,,,,,
2.55,0.00064962,2,0,1.40E-05,,,,,,,,,,,
2.6,0.00065317,2,0,1.40E-05,,,,,,,,,,,
2.65,0.00065649,2,0,1.41E-05,,,,,,,,,,,
2.7,0.00065954,2,0,1.42E-05,,,,,,,,,,,
2.75,0.00066259,2,0,1.42E-05,,,,,,,,,,,
2.8,0.00066606,2,0,1.43E-05,,,,,,,,,,,
2.85,0.00066936,2,0,1.44E-05,,,,,,,,,,,
2.9,0.00067251,2,0,1.45E-05,,,,,,,,,,,
2.95,0.00067552,2,0,1.45E-05,,,,,,,,,,,
3,0.00067869,2,0,1.46E-05,,,,,,,,,,,
3.05,0.00068192,2,0,1.47E-05,,,,,,,,,,,
3.1,0.00068505,2,0,1.47E-05,,,,,,,,,,,
3.15,0.00068823,2,0,1.48E-05,,,,,,,,,,,
3.2,0.00069136,2,0,1.49E-05,,,,,,,,,,,
3.25,0.00069451,2,0,1.49E-05,,,,,,,,,,,
3.3,0.00069767,2,0,1.50E-05,,,,,,,,,,,
3.35,0.00070094,2,0,1.51E-05,,,,,,,,,,,
3.4,0.00070395,2,0,1.51E-05,,,,,,,,,,,
3.45,0.0007071,2,0,1.52E-05,,,,,,,,,,,
3.5,0.00071018,2,0,1.53E-05,,,,,,,,,,,
3.55,0.00071341,2,0,1.53E-05,,,,,,,,,,,
3.6,0.00071657,2,0,1.54E-05,,,,,,,,,,,
3.65,0.00071961,2,0,1.55E-05,,,,,,,,,,,
3.7,0.00072272,2,0,1.55E-05,,,,,,,,,,,
3.75,0.00072587,2,0,1.56E-05,,,,,,,,,,,
3.8,0.00072907,2,0,1.57E-05,,,,,,,,,,,
3.85,0.0007322,2,0,1.57E-05,,,,,,,,,,,
3.9,0.00073516,2,0,1.58E-05,,,,,,,,,,,
3.95,0.00073835,2,0,1.59E-05,,,,,,,,,,,
4,0.00074159,2,0,1.59E-05,,,,,,,,,,,
0,1.51E-06,2.15,0,3.24E-08,,,,,,,,,,,
0.05,0.00078939,2.15,0,1.70E-05,,,,,,,,,,,
0.1,0.0011529,2.15,0,2.48E-05,,,,,,,,,,,
0.15,0.0013371,2.15,0,2.88E-05,,,,,,,,,,,
0.2,0.0014512,2.15,0,3.12E-05,,,,,,,,,,,
0.25,0.0015343,2.15,0,3.30E-05,,,,,,,,,,,
0.3,0.0015998,2.15,0,3.44E-05,,,,,,,,,,,
0.35,0.0016536,2.15,0,3.56E-05,,,,,,,,,,,
0.4,0.0017007,2.15,0,3.66E-05,,,,,,,,,,,
0.45,0.0017421,2.15,0,3.75E-05,,,,,,,,,,,
0.5,0.0017781,2.15,0,3.82E-05,,,,,,,,,,,
0.55,0.0018112,2.15,0,3.90E-05,,,,,,,,,,,
0.6,0.0018417,2.15,0,3.96E-05,,,,,,,,,,,
0.65,0.00187,2.15,0,4.02E-05,,,,,,,,,,,
0.7,0.0018961,2.15,0,4.08E-05,,,,,,,,,,,
0.75,0.0019207,2.15,0,4.13E-05,,,,,,,,,,,
0.8,0.0019444,2.15,0,4.18E-05,,,,,,,,,,,
0.85,0.0019667,2.15,0,4.23E-05,,,,,,,,,,,
0.9,0.0019877,2.15,0,4.27E-05,,,,,,,,,,,
0.95,0.0020078,2.15,0,4.32E-05,,,,,,,,,,,
1,0.0020274,2.15,0,4.36E-05,,,,,,,,,,,
1.05,0.0020461,2.15,0,4.40E-05,,,,,,,,,,,
1.1,0.0020641,2.15,0,4.44E-05,,,,,,,,,,,
1.15,0.0020816,2.15,0,4.48E-05,,,,,,,,,,,
1.2,0.0020985,2.15,0,4.51E-05,,,,,,,,,,,
1.25,0.0021148,2.15,0,4.55E-05,,,,,,,,,,,
1.3,0.0021307,2.15,0,4.58E-05,,,,,,,,,,,
1.35,0.002146,2.15,0,4.62E-05,,,,,,,,,,,
1.4,0.0021612,2.15,0,4.65E-05,,,,,,,,,,,
1.45,0.0021758,2.15,0,4.68E-05,,,,,,,,,,,
1.5,0.0021901,2.15,0,4.71E-05,,,,,,,,,,,
1.55,0.0022043,2.15,0,4.74E-05,,,,,,,,,,,
1.6,0.0022182,2.15,0,4.77E-05,,,,,,,,,,,
1.65,0.0022313,2.15,0,4.80E-05,,,,,,,,,,,
1.7,0.0022448,2.15,0,4.83E-05,,,,,,,,,,,
1.75,0.0022575,2.15,0,4.85E-05,,,,,,,,,,,
1.8,0.0022701,2.15,0,4.88E-05,,,,,,,,,,,
1.85,0.0022826,2.15,0,4.91E-05,,,,,,,,,,,
1.9,0.0022943,2.15,0,4.93E-05,,,,,,,,,,,
1.95,0.0023066,2.15,0,4.96E-05,,,,,,,,,,,
2,0.0023184,2.15,0,4.99E-05,,,,,,,,,,,
2.05,0.0023296,2.15,0,5.01E-05,,,,,,,,,,,
2.1,0.0023404,2.15,0,5.03E-05,,,,,,,,,,,
2.15,0.002352,2.15,0,5.06E-05,,,,,,,,,,,
2.2,0.0023629,2.15,0,5.08E-05,,,,,,,,,,,
2.25,0.0023735,2.15,0,5.10E-05,,,,,,,,,,,
2.3,0.0023846,2.15,0,5.13E-05,,,,,,,,,,,
2.35,0.0023949,2.15,0,5.15E-05,,,,,,,,,,,
2.4,0.0024056,2.15,0,5.17E-05,,,,,,,,,,,
2.45,0.0024155,2.15,0,5.19E-05,,,,,,,,,,,
2.5,0.0024254,2.15,0,5.22E-05,,,,,,,,,,,
2.55,0.0024356,2.15,0,5.24E-05,,,,,,,,,,,
2.6,0.0024455,2.15,0,5.26E-05,,,,,,,,,,,
2.65,0.0024555,2.15,0,5.28E-05,,,,,,,,,,,
2.7,0.0024648,2.15,0,5.30E-05,,,,,,,,,,,
2.75,0.0024744,2.15,0,5.32E-05,,,,,,,,,,,
2.8,0.002484,2.15,0,5.34E-05,,,,,,,,,,,
2.85,0.0024939,2.15,0,5.36E-05,,,,,,,,,,,
2.9,0.002503,2.15,0,5.38E-05,,,,,,,,,,,
2.95,0.0025127,2.15,0,5.40E-05,,,,,,,,,,,
3,0.0025221,2.15,0,5.42E-05,,,,,,,,,,,
3.05,0.0025314,2.15,0,5.44E-05,,,,,,,,,,,
3.1,0.0025407,2.15,0,5.46E-05,,,,,,,,,,,
3.15,0.0025502,2.15,0,5.48E-05,,,,,,,,,,,
3.2,0.0025597,2.15,0,5.50E-05,,,,,,,,,,,
3.25,0.0025686,2.15,0,5.52E-05,,,,,,,,,,,
3.3,0.0025778,2.15,0,5.54E-05,,,,,,,,,,,
3.35,0.0025869,2.15,0,5.56E-05,,,,,,,,,,,
3.4,0.0025964,2.15,0,5.58E-05,,,,,,,,,,,
3.45,0.0026051,2.15,0,5.60E-05,,,,,,,,,,,
3.5,0.0026141,2.15,0,5.62E-05,,,,,,,,,,,
3.55,0.0026231,2.15,0,5.64E-05,,,,,,,,,,,
3.6,0.0026325,2.15,0,5.66E-05,,,,,,,,,,,
3.65,0.0026415,2.15,0,5.68E-05,,,,,,,,,,,
3.7,0.00265,2.15,0,5.70E-05,,,,,,,,,,,
3.75,0.0026594,2.15,0,5.72E-05,,,,,,,,,,,
3.8,0.0026688,2.15,0,5.74E-05,,,,,,,,,,,
3.85,0.0026773,2.15,0,5.76E-05,,,,,,,,,,,
3.9,0.0026864,2.15,0,5.78E-05,,,,,,,,,,,
3.95,0.0026954,2.15,0,5.80E-05,,,,,,,,,,,
4,0.0027049,2.15,0,5.82E-05,,,,,,,,,,,
0,3.38E-06,2.3,0,7.27E-08,,,,,,,,,,,
0.05,0.001981,2.3,0,4.26E-05,,,,,,,,,,,
0.1,0.0031254,2.3,0,6.72E-05,,,,,,,,,,,
0.15,0.0037899,2.3,0,8.15E-05,,,,,,,,,,,
0.2,0.0042042,2.3,0,9.04E-05,,,,,,,,,,,
0.25,0.0044905,2.3,0,9.66E-05,,,,,,,,,,,
0.3,0.0047041,2.3,0,0.000101163,,,,,,,,,,,
0.35,0.0048731,2.3,0,0.000104798,,,,,,,,,,,
0.4,0.0050148,2.3,0,0.000107845,,,,,,,,,,,
0.45,0.0051345,2.3,0,0.000110419,,,,,,,,,,,
0.5,0.0052383,2.3,0,0.000112652,,,,,,,,,,,
0.55,0.0053299,2.3,0,0.000114622,,,,,,,,,,,
0.6,0.005414,2.3,0,0.00011643,,,,,,,,,,,
0.65,0.0054909,2.3,0,0.000118084,,,,,,,,,,,
0.7,0.0055605,2.3,0,0.000119581,,,,,,,,,,,
0.75,0.0056245,2.3,0,0.000120957,,,,,,,,,,,
0.8,0.0056862,2.3,0,0.000122284,,,,,,,,,,,
0.85,0.0057431,2.3,0,0.000123508,,,,,,,,,,,
0.9,0.0057963,2.3,0,0.000124652,,,,,,,,,,,
0.95,0.0058478,2.3,0,0.000125759,,,,,,,,,,,
1,0.0058977,2.3,0,0.000126832,,,,,,,,,,,
1.05,0.0059436,2.3,0,0.000127819,,,,,,,,,,,
1.1,0.005988,2.3,0,0.000128774,,,,,,,,,,,
1.15,0.0060307,2.3,0,0.000129692,,,,,,,,,,,
1.2,0.0060738,2.3,0,0.000130619,,,,,,,,,,,
1.25,0.0061128,2.3,0,0.000131458,,,,,,,,,,,
1.3,0.0061517,2.3,0,0.000132295,,,,,,,,,,,
1.35,0.0061887,2.3,0,0.00013309,,,,,,,,,,,
1.4,0.006226,2.3,0,0.000133892,,,,,,,,,,,
1.45,0.006262,2.3,0,0.000134667,,,,,,,,,,,
1.5,0.0062958,2.3,0,0.000135394,,,,,,,,,,,
1.55,0.0063299,2.3,0,0.000136127,,,,,,,,,,,
1.6,0.0063626,2.3,0,0.00013683,,,,,,,,,,,
1.65,0.0063948,2.3,0,0.000137523,,,,,,,,,,,
1.7,0.0064265,2.3,0,0.000138204,,,,,,,,,,,
1.75,0.0064575,2.3,0,0.000138871,,,,,,,,,,,
1.8,0.0064867,2.3,0,0.000139499,,,,,,,,,,,
1.85,0.006516,2.3,0,0.000140129,,,,,,,,,,,
1.9,0.0065442,2.3,0,0.000140735,,,,,,,,,,,
1.95,0.0065728,2.3,0,0.000141351,,,,,,,,,,,
2,0.0066006,2.3,0,0.000141948,,,,,,,,,,,
2.05,0.0066266,2.3,0,0.000142508,,,,,,,,,,,
2.1,0.0066537,2.3,0,0.00014309,,,,,,,,,,,
2.15,0.0066799,2.3,0,0.000143654,,,,,,,,,,,
2.2,0.0067055,2.3,0,0.000144204,,,,,,,,,,,
2.25,0.0067307,2.3,0,0.000144746,,,,,,,,,,,
2.3,0.006756,2.3,0,0.00014529,,,,,,,,,,,
2.35,0.00678,2.3,0,0.000145806,,,,,,,,,,,
2.4,0.0068039,2.3,0,0.00014632,,,,,,,,,,,
2.45,0.0068277,2.3,0,0.000146832,,,,,,,,,,,
2.5,0.006851,2.3,0,0.000147333,,,,,,,,,,,
2.55,0.0068743,2.3,0,0.000147834,,,,,,,,,,,
2.6,0.0068969,2.3,0,0.00014832,,,,,,,,,,,
2.65,0.0069188,2.3,0,0.000148791,,,,,,,,,,,
2.7,0.0069415,2.3,0,0.00014928,,,,,,,,,,,
2.75,0.0069638,2.3,0,0.000149759,,,,,,,,,,,
2.8,0.0069851,2.3,0,0.000150217,,,,,,,,,,,
2.85,0.007006,2.3,0,0.000150667,,,,,,,,,,,
2.9,0.007028,2.3,0,0.00015114,,,,,,,,,,,
2.95,0.0070493,2.3,0,0.000151598,,,,,,,,,,,
3,0.00707,2.3,0,0.000152043,,,,,,,,,,,
3.05,0.0070908,2.3,0,0.00015249,,,,,,,,,,,
3.1,0.0071113,2.3,0,0.000152931,,,,,,,,,,,
3.15,0.0071337,2.3,0,0.000153413,,,,,,,,,,,
3.2,0.0071536,2.3,0,0.000153841,,,,,,,,,,,
3.25,0.0071739,2.3,0,0.000154277,,,,,,,,,,,
3.3,0.0071947,2.3,0,0.000154725,,,,,,,,,,,
3.35,0.0072152,2.3,0,0.000155166,,,,,,,,,,,
3.4,0.0072341,2.3,0,0.000155572,,,,,,,,,,,
3.45,0.0072548,2.3,0,0.000156017,,,,,,,,,,,
3.5,0.0072752,2.3,0,0.000156456,,,,,,,,,,,
3.55,0.0072952,2.3,0,0.000156886,,,,,,,,,,,
3.6,0.0073155,2.3,0,0.000157323,,,,,,,,,,,
3.65,0.0073352,2.3,0,0.000157746,,,,,,,,,,,
3.7,0.0073552,2.3,0,0.000158176,,,,,,,,,,,
3.75,0.0073761,2.3,0,0.000158626,,,,,,,,,,,
3.8,0.0073949,2.3,0,0.00015903,,,,,,,,,,,
3.85,0.0074143,2.3,0,0.000159447,,,,,,,,,,,
3.9,0.0074335,2.3,0,0.00015986,,,,,,,,,,,
3.95,0.0074538,2.3,0,0.000160297,,,,,,,,,,,
4,0.0074738,2.3,0,0.000160727,,,,,,,,,,,
0,5.57E-06,2.45,0,1.20E-07,,,,,,,,,,,
0.05,0.0038226,2.45,0,8.22E-05,,,,,,,,,,,
0.1,0.0064863,2.45,0,0.00013949,,,,,,,,,,,
0.15,0.0082757,2.45,0,0.000177972,,,,,,,,,,,
0.2,0.0094768,2.45,0,0.000203802,,,,,,,,,,,
0.25,0.0103136,2.45,0,0.000221798,,,,,,,,,,,
0.3,0.010919,2.45,0,0.000234817,,,,,,,,,,,
0.35,0.0113778,2.45,0,0.000244684,,,,,,,,,,,
0.4,0.011737,2.45,0,0.000252409,,,,,,,,,,,
0.45,0.012041,2.45,0,0.000258946,,,,,,,,,,,
0.5,0.01229,2.45,0,0.000264301,,,,,,,,,,,
0.55,0.012511,2.45,0,0.000269054,,,,,,,,,,,
0.6,0.012705,2.45,0,0.000273226,,,,,,,,,,,
0.65,0.012877,2.45,0,0.000276925,,,,,,,,,,,
0.7,0.013033,2.45,0,0.00028028,,,,,,,,,,,
0.75,0.013172,2.45,0,0.000283269,,,,,,,,,,,
0.8,0.013307,2.45,0,0.000286172,,,,,,,,,,,
0.85,0.013427,2.45,0,0.000288753,,,,,,,,,,,
0.9,0.01354,2.45,0,0.000291183,,,,,,,,,,,
0.95,0.013647,2.45,0,0.000293484,,,,,,,,,,,
1,0.013753,2.45,0,0.000295763,,,,,,,,,,,
1.05,0.013849,2.45,0,0.000297828,,,,,,,,,,,
1.1,0.01394,2.45,0,0.000299785,,,,,,,,,,,
1.15,0.014025,2.45,0,0.000301613,,,,,,,,,,,
1.2,0.014114,2.45,0,0.000303527,,,,,,,,,,,
1.25,0.014193,2.45,0,0.000305226,,,,,,,,,,,
1.3,0.014272,2.45,0,0.000306925,,,,,,,,,,,
1.35,0.014345,2.45,0,0.000308495,,,,,,,,,,,
1.4,0.014421,2.45,0,0.000310129,,,,,,,,,,,
1.45,0.01449,2.45,0,0.000311613,,,,,,,,,,,
1.5,0.01456,2.45,0,0.000313118,,,,,,,,,,,
1.55,0.014626,2.45,0,0.000314538,,,,,,,,,,,
1.6,0.014694,2.45,0,0.000316,,,,,,,,,,,
1.65,0.014756,2.45,0,0.000317333,,,,,,,,,,,
1.7,0.014815,2.45,0,0.000318602,,,,,,,,,,,
1.75,0.014877,2.45,0,0.000319935,,,,,,,,,,,
1.8,0.014937,2.45,0,0.000321226,,,,,,,,,,,
1.85,0.014994,2.45,0,0.000322452,,,,,,,,,,,
1.9,0.015047,2.45,0,0.000323591,,,,,,,,,,,
1.95,0.015106,2.45,0,0.00032486,,,,,,,,,,,
2,0.015158,2.45,0,0.000325978,,,,,,,,,,,
2.05,0.015211,2.45,0,0.000327118,,,,,,,,,,,
2.1,0.015263,2.45,0,0.000328237,,,,,,,,,,,
2.15,0.015314,2.45,0,0.000329333,,,,,,,,,,,
2.2,0.015363,2.45,0,0.000330387,,,,,,,,,,,
2.25,0.015412,2.45,0,0.000331441,,,,,,,,,,,
2.3,0.015462,2.45,0,0.000332516,,,,,,,,,,,
2.35,0.01551,2.45,0,0.000333548,,,,,,,,,,,
2.4,0.015554,2.45,0,0.000334495,,,,,,,,,,,
2.45,0.015598,2.45,0,0.000335441,,,,,,,,,,,
2.5,0.015647,2.45,0,0.000336495,,,,,,,,,,,
2.55,0.01569,2.45,0,0.000337419,,,,,,,,,,,
2.6,0.015735,2.45,0,0.000338387,,,,,,,,,,,
2.65,0.015774,2.45,0,0.000339226,,,,,,,,,,,
2.7,0.015818,2.45,0,0.000340172,,,,,,,,,,,
2.75,0.015861,2.45,0,0.000341097,,,,,,,,,,,
2.8,0.015902,2.45,0,0.000341978,,,,,,,,,,,
2.85,0.015943,2.45,0,0.00034286,,,,,,,,,,,
2.9,0.015984,2.45,0,0.000343742,,,,,,,,,,,
2.95,0.016023,2.45,0,0.000344581,,,,,,,,,,,
3,0.016061,2.45,0,0.000345398,,,,,,,,,,,
3.05,0.0161,2.45,0,0.000346237,,,,,,,,,,,
3.1,0.016143,2.45,0,0.000347161,,,,,,,,,,,
3.15,0.016181,2.45,0,0.000347978,,,,,,,,,,,
3.2,0.016221,2.45,0,0.000348839,,,,,,,,,,,
3.25,0.016258,2.45,0,0.000349634,,,,,,,,,,,
3.3,0.016295,2.45,0,0.00035043,,,,,,,,,,,
3.35,0.016335,2.45,0,0.00035129,,,,,,,,,,,
3.4,0.01637,2.45,0,0.000352043,,,,,,,,,,,
3.45,0.016409,2.45,0,0.000352882,,,,,,,,,,,
3.5,0.016448,2.45,0,0.00035372,,,,,,,,,,,
3.55,0.016483,2.45,0,0.000354473,,,,,,,,,,,
3.6,0.016522,2.45,0,0.000355312,,,,,,,,,,,
3.65,0.016559,2.45,0,0.000356108,,,,,,,,,,,
3.7,0.016596,2.45,0,0.000356903,,,,,,,,,,,
3.75,0.016633,2.45,0,0.000357699,,,,,,,,,,,
3.8,0.016669,2.45,0,0.000358473,,,,,,,,,,,
3.85,0.016706,2.45,0,0.000359269,,,,,,,,,,,
3.9,0.016742,2.45,0,0.000360043,,,,,,,,,,,
3.95,0.016779,2.45,0,0.000360839,,,,,,,,,,,
4,0.016813,2.45,0,0.00036157,,,,,,,,,,,
0,6.91E-06,2.6,0,1.48E-07,,,,,,,,,,,
0.05,0.0059725,2.6,0,0.000128441,,,,,,,,,,,
0.1,0.0107824,2.6,0,0.00023188,,,,,,,,,,,
0.15,0.014491,2.6,0,0.000311634,,,,,,,,,,,
0.2,0.017261,2.6,0,0.000371204,,,,,,,,,,,
0.25,0.019321,2.6,0,0.000415505,,,,,,,,,,,
0.3,0.020848,2.6,0,0.000448344,,,,,,,,,,,
0.35,0.021991,2.6,0,0.000472925,,,,,,,,,,,
0.4,0.022882,2.6,0,0.000492086,,,,,,,,,,,
0.45,0.023586,2.6,0,0.000507226,,,,,,,,,,,
0.5,0.024159,2.6,0,0.000519548,,,,,,,,,,,
0.55,0.024638,2.6,0,0.000529849,,,,,,,,,,,
0.6,0.025045,2.6,0,0.000538602,,,,,,,,,,,
0.65,0.025404,2.6,0,0.000546323,,,,,,,,,,,
0.7,0.02572,2.6,0,0.000553118,,,,,,,,,,,
0.75,0.025999,2.6,0,0.000559118,,,,,,,,,,,
0.8,0.026256,2.6,0,0.000564645,,,,,,,,,,,
0.85,0.026494,2.6,0,0.000569763,,,,,,,,,,,
0.9,0.026706,2.6,0,0.000574323,,,,,,,,,,,
0.95,0.026904,2.6,0,0.000578581,,,,,,,,,,,
1,0.027096,2.6,0,0.00058271,,,,,,,,,,,
1.05,0.027274,2.6,0,0.000586538,,,,,,,,,,,
1.1,0.027438,2.6,0,0.000590065,,,,,,,,,,,
1.15,0.027596,2.6,0,0.000593462,,,,,,,,,,,
1.2,0.02775,2.6,0,0.000596774,,,,,,,,,,,
1.25,0.027892,2.6,0,0.000599828,,,,,,,,,,,
1.3,0.028033,2.6,0,0.00060286,,,,,,,,,,,
1.35,0.028166,2.6,0,0.00060572,,,,,,,,,,,
1.4,0.028293,2.6,0,0.000608452,,,,,,,,,,,
1.45,0.028419,2.6,0,0.000611161,,,,,,,,,,,
1.5,0.028537,2.6,0,0.000613699,,,,,,,,,,,
1.55,0.028652,2.6,0,0.000616172,,,,,,,,,,,
1.6,0.028765,2.6,0,0.000618602,,,,,,,,,,,
1.65,0.028878,2.6,0,0.000621032,,,,,,,,,,,
1.7,0.028984,2.6,0,0.000623312,,,,,,,,,,,
1.75,0.029087,2.6,0,0.000625527,,,,,,,,,,,
1.8,0.02919,2.6,0,0.000627742,,,,,,,,,,,
1.85,0.02929,2.6,0,0.000629892,,,,,,,,,,,
1.9,0.029384,2.6,0,0.000631914,,,,,,,,,,,
1.95,0.029477,2.6,0,0.000633914,,,,,,,,,,,
2,0.029573,2.6,0,0.000635978,,,,,,,,,,,
2.05,0.029662,2.6,0,0.000637892,,,,,,,,,,,
2.1,0.029748,2.6,0,0.000639742,,,,,,,,,,,
2.15,0.029837,2.6,0,0.000641656,,,,,,,,,,,
2.2,0.029922,2.6,0,0.000643484,,,,,,,,,,,
2.25,0.030005,2.6,0,0.000645269,,,,,,,,,,,
2.3,0.030087,2.6,0,0.000647032,,,,,,,,,,,
2.35,0.030168,2.6,0,0.000648774,,,,,,,,,,,
2.4,0.03025,2.6,0,0.000650538,,,,,,,,,,,
2.45,0.030325,2.6,0,0.000652151,,,,,,,,,,,
2.5,0.030401,2.6,0,0.000653785,,,,,,,,,,,
2.55,0.03048,2.6,0,0.000655484,,,,,,,,,,,
2.6,0.030551,2.6,0,0.000657011,,,,,,,,,,,
2.65,0.030624,2.6,0,0.000658581,,,,,,,,,,,
2.7,0.030701,2.6,0,0.000660237,,,,,,,,,,,
2.75,0.030771,2.6,0,0.000661742,,,,,,,,,,,
2.8,0.030841,2.6,0,0.000663247,,,,,,,,,,,
2.85,0.030906,2.6,0,0.000664645,,,,,,,,,,,
2.9,0.030973,2.6,0,0.000666086,,,,,,,,,,,
2.95,0.031045,2.6,0,0.000667634,,,,,,,,,,,
3,0.03111,2.6,0,0.000669032,,,,,,,,,,,
3.05,0.031176,2.6,0,0.000670452,,,,,,,,,,,
3.1,0.031239,2.6,0,0.000671806,,,,,,,,,,,
3.15,0.031307,2.6,0,0.000673269,,,,,,,,,,,
3.2,0.031371,2.6,0,0.000674645,,,,,,,,,,,
3.25,0.031435,2.6,0,0.000676022,,,,,,,,,,,
3.3,0.031497,2.6,0,0.000677355,,,,,,,,,,,
3.35,0.031559,2.6,0,0.000678688,,,,,,,,,,,
3.4,0.031623,2.6,0,0.000680065,,,,,,,,,,,
3.45,0.031684,2.6,0,0.000681376,,,,,,,,,,,
3.5,0.031745,2.6,0,0.000682688,,,,,,,,,,,
3.55,0.031807,2.6,0,0.000684022,,,,,,,,,,,
3.6,0.031872,2.6,0,0.000685419,,,,,,,,,,,
3.65,0.031931,2.6,0,0.000686688,,,,,,,,,,,
3.7,0.031991,2.6,0,0.000687978,,,,,,,,,,,
3.75,0.032051,2.6,0,0.000689269,,,,,,,,,,,
3.8,0.032113,2.6,0,0.000690602,,,,,,,,,,,
3.85,0.032173,2.6,0,0.000691892,,,,,,,,,,,
3.9,0.032232,2.6,0,0.000693161,,,,,,,,,,,
3.95,0.032293,2.6,0,0.000694473,,,,,,,,,,,
4,0.032356,2.6,0,0.000695828,,,,,,,,,,,
0,7.59E-06,2.75,0,1.63E-07,,,,,,,,,,,
0.05,0.0079769,2.75,0,0.000171546,,,,,,,,,,,
0.1,0.015028,2.75,0,0.000323183,,,,,,,,,,,
0.15,0.021086,2.75,0,0.000453462,,,,,,,,,,,
0.2,0.026128,2.75,0,0.000561892,,,,,,,,,,,
0.25,0.030245,2.75,0,0.00065043,,,,,,,,,,,
0.3,0.033524,2.75,0,0.000720946,,,,,,,,,,,
0.35,0.036097,2.75,0,0.00077628,,,,,,,,,,,
0.4,0.038117,2.75,0,0.00081972,,,,,,,,,,,
0.45,0.039711,2.75,0,0.000854,,,,,,,,,,,
0.5,0.040981,2.75,0,0.000881312,,,,,,,,,,,
0.55,0.042017,2.75,0,0.000903591,,,,,,,,,,,
0.6,0.042869,2.75,0,0.000921914,,,,,,,,,,,
0.65,0.043589,2.75,0,0.000937398,,,,,,,,,,,
0.7,0.044203,2.75,0,0.000950602,,,,,,,,,,,
0.75,0.044745,2.75,0,0.000962258,,,,,,,,,,,
0.8,0.045221,2.75,0,0.000972495,,,,,,,,,,,
0.85,0.045647,2.75,0,0.000981656,,,,,,,,,,,
0.9,0.046036,2.75,0,0.000990022,,,,,,,,,,,
0.95,0.046388,2.75,0,0.000997591,,,,,,,,,,,
1,0.046713,2.75,0,0.001004581,,,,,,,,,,,
1.05,0.047014,2.75,0,0.001011054,,,,,,,,,,,
1.1,0.047298,2.75,0,0.001017161,,,,,,,,,,,
1.15,0.047565,2.75,0,0.001022903,,,,,,,,,,,
1.2,0.047812,2.75,0,0.001028215,,,,,,,,,,,
1.25,0.048048,2.75,0,0.00103329,,,,,,,,,,,
1.3,0.048277,2.75,0,0.001038215,,,,,,,,,,,
1.35,0.048495,2.75,0,0.001042903,,,,,,,,,,,
1.4,0.048701,2.75,0,0.001047333,,,,,,,,,,,
1.45,0.048899,2.75,0,0.001051591,,,,,,,,,,,
1.5,0.049094,2.75,0,0.001055785,,,,,,,,,,,
1.55,0.049278,2.75,0,0.001059742,,,,,,,,,,,
1.6,0.04946,2.75,0,0.001063656,,,,,,,,,,,
1.65,0.049633,2.75,0,0.001067376,,,,,,,,,,,
1.7,0.049804,2.75,0,0.001071054,,,,,,,,,,,
1.75,0.049969,2.75,0,0.001074602,,,,,,,,,,,
1.8,0.050125,2.75,0,0.001077957,,,,,,,,,,,
1.85,0.050278,2.75,0,0.001081247,,,,,,,,,,,
1.9,0.050429,2.75,0,0.001084495,,,,,,,,,,,
1.95,0.050578,2.75,0,0.001087699,,,,,,,,,,,
2,0.050721,2.75,0,0.001090774,,,,,,,,,,,
2.05,0.050861,2.75,0,0.001093785,,,,,,,,,,,
2.1,0.051002,2.75,0,0.001096817,,,,,,,,,,,
2.15,0.051138,2.75,0,0.001099742,,,,,,,,,,,
2.2,0.051267,2.75,0,0.001102516,,,,,,,,,,,
2.25,0.051396,2.75,0,0.00110529,,,,,,,,,,,
2.3,0.051526,2.75,0,0.001108086,,,,,,,,,,,
2.35,0.051652,2.75,0,0.001110796,,,,,,,,,,,
2.4,0.051773,2.75,0,0.001113398,,,,,,,,,,,
2.45,0.051891,2.75,0,0.001115935,,,,,,,,,,,
2.5,0.052012,2.75,0,0.001118538,,,,,,,,,,,
2.55,0.052134,2.75,0,0.001121161,,,,,,,,,,,
2.6,0.052244,2.75,0,0.001123527,,,,,,,,,,,
2.65,0.052357,2.75,0,0.001125957,,,,,,,,,,,
2.7,0.052473,2.75,0,0.001128452,,,,,,,,,,,
2.75,0.052582,2.75,0,0.001130796,,,,,,,,,,,
2.8,0.052688,2.75,0,0.001133075,,,,,,,,,,,
2.85,0.05279,2.75,0,0.001135269,,,,,,,,,,,
2.9,0.052899,2.75,0,0.001137613,,,,,,,,,,,
2.95,0.053003,2.75,0,0.001139849,,,,,,,,,,,
3,0.053104,2.75,0,0.001142022,,,,,,,,,,,
3.05,0.053204,2.75,0,0.001144172,,,,,,,,,,,
3.1,0.053306,2.75,0,0.001146366,,,,,,,,,,,
3.15,0.053406,2.75,0,0.001148516,,,,,,,,,,,
3.2,0.053502,2.75,0,0.001150581,,,,,,,,,,,
3.25,0.053599,2.75,0,0.001152667,,,,,,,,,,,
3.3,0.053694,2.75,0,0.00115471,,,,,,,,,,,
3.35,0.053791,2.75,0,0.001156796,,,,,,,,,,,
3.4,0.053886,2.75,0,0.001158839,,,,,,,,,,,
3.45,0.053979,2.75,0,0.001160839,,,,,,,,,,,
3.5,0.054074,2.75,0,0.001162882,,,,,,,,,,,
3.55,0.054166,2.75,0,0.00116486,,,,,,,,,,,
3.6,0.054262,2.75,0,0.001166925,,,,,,,,,,,
3.65,0.054352,2.75,0,0.00116886,,,,,,,,,,,
3.7,0.054443,2.75,0,0.001170817,,,,,,,,,,,
3.75,0.054539,2.75,0,0.001172882,,,,,,,,,,,
3.8,0.054628,2.75,0,0.001174796,,,,,,,,,,,
3.85,0.054714,2.75,0,0.001176645,,,,,,,,,,,
3.9,0.054811,2.75,0,0.001178731,,,,,,,,,,,
3.95,0.054897,2.75,0,0.001180581,,,,,,,,,,,
4,0.054987,2.75,0,0.001182516,,,,,,,,,,,
0,8.47E-06,2.9,0,1.82E-07,,,,,,,,,,,
0.05,0.009607,2.9,0,0.000206602,,,,,,,,,,,
0.1,0.018563,2.9,0,0.000399204,,,,,,,,,,,
0.15,0.026768,2.9,0,0.000575656,,,,,,,,,,,
0.2,0.034135,2.9,0,0.000734086,,,,,,,,,,,
0.25,0.040669,2.9,0,0.000874602,,,,,,,,,,,
0.3,0.046332,2.9,0,0.000996387,,,,,,,,,,,
0.35,0.051119,2.9,0,0.001099333,,,,,,,,,,,
0.4,0.055124,2.9,0,0.001185462,,,,,,,,,,,
0.45,0.058413,2.9,0,0.001256194,,,,,,,,,,,
0.5,0.061088,2.9,0,0.00131372,,,,,,,,,,,
0.55,0.063274,2.9,0,0.001360731,,,,,,,,,,,
0.6,0.065063,2.9,0,0.001399204,,,,,,,,,,,
0.65,0.066536,2.9,0,0.001430882,,,,,,,,,,,
0.7,0.067761,2.9,0,0.001457226,,,,,,,,,,,
0.75,0.068804,2.9,0,0.001479656,,,,,,,,,,,
0.8,0.069703,2.9,0,0.001498989,,,,,,,,,,,
0.85,0.070481,2.9,0,0.00151572,,,,,,,,,,,
0.9,0.071171,2.9,0,0.001530559,,,,,,,,,,,
0.95,0.071786,2.9,0,0.001543785,,,,,,,,,,,
1,0.072346,2.9,0,0.001555828,,,,,,,,,,,
1.05,0.072849,2.9,0,0.001566645,,,,,,,,,,,
1.1,0.073313,2.9,0,0.001576624,,,,,,,,,,,
1.15,0.073746,2.9,0,0.001585935,,,,,,,,,,,
1.2,0.074144,2.9,0,0.001594495,,,,,,,,,,,
1.25,0.074521,2.9,0,0.001602602,,,,,,,,,,,
1.3,0.074876,2.9,0,0.001610237,,,,,,,,,,,
1.35,0.075216,2.9,0,0.001617548,,,,,,,,,,,
1.4,0.075531,2.9,0,0.001624323,,,,,,,,,,,
1.45,0.075835,2.9,0,0.00163086,,,,,,,,,,,
1.5,0.076122,2.9,0,0.001637032,,,,,,,,,,,
1.55,0.076404,2.9,0,0.001643097,,,,,,,,,,,
1.6,0.076673,2.9,0,0.001648882,,,,,,,,,,,
1.65,0.076929,2.9,0,0.001654387,,,,,,,,,,,
1.7,0.077181,2.9,0,0.001659806,,,,,,,,,,,
1.75,0.077431,2.9,0,0.001665183,,,,,,,,,,,
1.8,0.077664,2.9,0,0.001670194,,,,,,,,,,,
1.85,0.077894,2.9,0,0.00167514,,,,,,,,,,,
1.9,0.078112,2.9,0,0.001679828,,,,,,,,,,,
1.95,0.078334,2.9,0,0.001684602,,,,,,,,,,,
2,0.078547,2.9,0,0.001689183,,,,,,,,,,,
2.05,0.078752,2.9,0,0.001693591,,,,,,,,,,,
2.1,0.078952,2.9,0,0.001697892,,,,,,,,,,,
2.15,0.079153,2.9,0,0.001702215,,,,,,,,,,,
2.2,0.079341,2.9,0,0.001706258,,,,,,,,,,,
2.25,0.079527,2.9,0,0.001710258,,,,,,,,,,,
2.3,0.079714,2.9,0,0.00171428,,,,,,,,,,,
2.35,0.079895,2.9,0,0.001718172,,,,,,,,,,,
2.4,0.08007,2.9,0,0.001721935,,,,,,,,,,,
2.45,0.080244,2.9,0,0.001725677,,,,,,,,,,,
2.5,0.080416,2.9,0,0.001729376,,,,,,,,,,,
2.55,0.080584,2.9,0,0.001732989,,,,,,,,,,,
2.6,0.080745,2.9,0,0.001736452,,,,,,,,,,,
2.65,0.080904,2.9,0,0.001739871,,,,,,,,,,,
2.7,0.081075,2.9,0,0.001743548,,,,,,,,,,,
2.75,0.08123,2.9,0,0.001746882,,,,,,,,,,,
2.8,0.081385,2.9,0,0.001750215,,,,,,,,,,,
2.85,0.081535,2.9,0,0.001753441,,,,,,,,,,,
2.9,0.081683,2.9,0,0.001756624,,,,,,,,,,,
2.95,0.081833,2.9,0,0.001759849,,,,,,,,,,,
3,0.081981,2.9,0,0.001763032,,,,,,,,,,,
3.05,0.082124,2.9,0,0.001766108,,,,,,,,,,,
3.1,0.082274,2.9,0,0.001769333,,,,,,,,,,,
3.15,0.082422,2.9,0,0.001772516,,,,,,,,,,,
3.2,0.082562,2.9,0,0.001775527,,,,,,,,,,,
3.25,0.082693,2.9,0,0.001778344,,,,,,,,,,,
3.3,0.082831,2.9,0,0.001781312,,,,,,,,,,,
3.35,0.082967,2.9,0,0.001784237,,,,,,,,,,,
3.4,0.0831,2.9,0,0.001787097,,,,,,,,,,,
3.45,0.08323,2.9,0,0.001789892,,,,,,,,,,,
3.5,0.083361,2.9,0,0.00179271,,,,,,,,,,,
3.55,0.083496,2.9,0,0.001795613,,,,,,,,,,,
3.6,0.083628,2.9,0,0.001798452,,,,,,,,,,,
3.65,0.083755,2.9,0,0.001801183,,,,,,,,,,,
3.7,0.083889,2.9,0,0.001804065,,,,,,,,,,,
3.75,0.084019,2.9,0,0.00180686,,,,,,,,,,,
3.8,0.084138,2.9,0,0.001809419,,,,,,,,,,,
3.85,0.084264,2.9,0,0.001812129,,,,,,,,,,,
3.9,0.084392,2.9,0,0.001814882,,,,,,,,,,,
3.95,0.084518,2.9,0,0.001817591,,,,,,,,,,,
4,0.084646,2.9,0,0.001820344,,,,,,,,,,,
0,8.41E-06,3.05,0,1.81E-07,,,,,,,,,,,
0.05,0.010839,3.05,0,0.000233097,,,,,,,,,,,
0.1,0.021245,3.05,0,0.000456882,,,,,,,,,,,
0.15,0.031132,3.05,0,0.000669505,,,,,,,,,,,
0.2,0.0404,3.05,0,0.000868817,,,,,,,,,,,
0.25,0.049059,3.05,0,0.001055032,,,,,,,,,,,
0.3,0.057034,3.05,0,0.001226538,,,,,,,,,,,
0.35,0.064231,3.05,0,0.001381312,,,,,,,,,,,
0.4,0.070688,3.05,0,0.001520172,,,,,,,,,,,
0.45,0.076362,3.05,0,0.001642194,,,,,,,,,,,
0.5,0.081253,3.05,0,0.001747376,,,,,,,,,,,
0.55,0.085448,3.05,0,0.001837591,,,,,,,,,,,
0.6,0.088981,3.05,0,0.00191357,,,,,,,,,,,
0.65,0.09194,3.05,0,0.001977204,,,,,,,,,,,
0.7,0.094411,3.05,0,0.002030344,,,,,,,,,,,
0.75,0.096484,3.05,0,0.002074925,,,,,,,,,,,
0.8,0.098229,3.05,0,0.002112452,,,,,,,,,,,
0.85,0.099711,3.05,0,0.002144323,,,,,,,,,,,
0.9,0.1,3.05,0,0.002150538,,,,,,,,,,,
0.95,0.100001,3.05,0,0.002150559,,,,,,,,,,,
1,0.100003,3.05,0,0.002150602,,,,,,,,,,,
1.05,0.1,3.05,0,0.002150538,,,,,,,,,,,
1.1,0.1,3.05,0,0.002150538,,,,,,,,,,,
1.15,0.1,3.05,0,0.002150538,,,,,,,,,,,
1.2,0.1,3.05,0,0.002150538,,,,,,,,,,,
1.25,0.1,3.05,0,0.002150538,,,,,,,,,,,
1.3,0.099998,3.05,0,0.002150495,,,,,,,,,,,
1.35,0.100002,3.05,0,0.002150581,,,,,,,,,,,
1.4,0.100004,3.05,0,0.002150624,,,,,,,,,,,
1.45,0.100002,3.05,0,0.002150581,,,,,,,,,,,
1.5,0.1,3.05,0,0.002150538,,,,,,,,,,,
1.55,0.100001,3.05,0,0.002150559,,,,,,,,,,,
1.6,0.1,3.05,0,0.002150538,,,,,,,,,,,
1.65,0.1,3.05,0,0.002150538,,,,,,,,,,,
1.7,0.099999,3.05,0,0.002150516,,,,,,,,,,,
1.75,0.1,3.05,0,0.002150538,,,,,,,,,,,
1.8,0.1,3.05,0,0.002150538,,,,,,,,,,,
1.85,0.1,3.05,0,0.002150538,,,,,,,,,,,
1.9,0.100001,3.05,0,0.002150559,,,,,,,,,,,
1.95,0.1,3.05,0,0.002150538,,,,,,,,,,,
2,0.1,3.05,0,0.002150538,,,,,,,,,,,
2.05,0.1,3.05,0,0.002150538,,,,,,,,,,,
2.1,0.100001,3.05,0,0.002150559,,,,,,,,,,,
2.15,0.099999,3.05,0,0.002150516,,,,,,,,,,,
2.2,0.1,3.05,0,0.002150538,,,,,,,,,,,
2.25,0.100001,3.05,0,0.002150559,,,,,,,,,,,
2.3,0.100001,3.05,0,0.002150559,,,,,,,,,,,
2.35,0.1,3.05,0,0.002150538,,,,,,,,,,,
2.4,0.100002,3.05,0,0.002150581,,,,,,,,,,,
2.45,0.1,3.05,0,0.002150538,,,,,,,,,,,
2.5,0.1,3.05,0,0.002150538,,,,,,,,,,,
2.55,0.1,3.05,0,0.002150538,,,,,,,,,,,
2.6,0.1,3.05,0,0.002150538,,,,,,,,,,,
2.65,0.100001,3.05,0,0.002150559,,,,,,,,,,,
2.7,0.1,3.05,0,0.002150538,,,,,,,,,,,
2.75,0.100001,3.05,0,0.002150559,,,,,,,,,,,
2.8,0.1,3.05,0,0.002150538,,,,,,,,,,,
2.85,0.100001,3.05,0,0.002150559,,,,,,,,,,,
2.9,0.1,3.05,0,0.002150538,,,,,,,,,,,
2.95,0.100002,3.05,0,0.002150581,,,,,,,,,,,
3,0.1,3.05,0,0.002150538,,,,,,,,,,,
3.05,0.100002,3.05,0,0.002150581,,,,,,,,,,,
3.1,0.1,3.05,0,0.002150538,,,,,,,,,,,
3.15,0.099999,3.05,0,0.002150516,,,,,,,,,,,
3.2,0.1,3.05,0,0.002150538,,,,,,,,,,,
3.25,0.1,3.05,0,0.002150538,,,,,,,,,,,
3.3,0.1,3.05,0,0.002150538,,,,,,,,,,,
3.35,0.1,3.05,0,0.002150538,,,,,,,,,,,
3.4,0.100001,3.05,0,0.002150559,,,,,,,,,,,
3.45,0.1,3.05,0,0.002150538,,,,,,,,,,,
3.5,0.1,3.05,0,0.002150538,,,,,,,,,,,
3.55,0.1,3.05,0,0.002150538,,,,,,,,,,,
3.6,0.1,3.05,0,0.002150538,,,,,,,,,,,
3.65,0.1,3.05,0,0.002150538,,,,,,,,,,,
3.7,0.1,3.05,0,0.002150538,,,,,,,,,,,
3.75,0.1,3.05,0,0.002150538,,,,,,,,,,,
3.8,0.1,3.05,0,0.002150538,,,,,,,,,,,
3.85,0.1,3.05,0,0.002150538,,,,,,,,,,,
3.9,0.100001,3.05,0,0.002150559,,,,,,,,,,,
3.95,0.1,3.05,0,0.002150538,,,,,,,,,,,
4,0.100001,3.05,0,0.002150559,,,,,,,,,,,
0,7.60E-06,3.2,0,1.63E-07,,,,,,,,,,,
0.05,0.011803,3.2,0,0.000253828,,,,,,,,,,,
0.1,0.023315,3.2,0,0.000501398,,,,,,,,,,,
0.15,0.034456,3.2,0,0.000740989,,,,,,,,,,,
0.2,0.045146,3.2,0,0.000970882,,,,,,,,,,,
0.25,0.05542,3.2,0,0.001191828,,,,,,,,,,,
0.3,0.065194,3.2,0,0.001402022,,,,,,,,,,,
0.35,0.074377,3.2,0,0.001599505,,,,,,,,,,,
0.4,0.082983,3.2,0,0.001784581,,,,,,,,,,,
0.45,0.090953,3.2,0,0.001955978,,,,,,,,,,,
0.5,0.098213,3.2,0,0.002112108,,,,,,,,,,,
0.55,0.100001,3.2,0,0.002150559,,,,,,,,,,,
0.6,0.100001,3.2,0,0.002150559,,,,,,,,,,,
0.65,0.1,3.2,0,0.002150538,,,,,,,,,,,
0.7,0.100001,3.2,0,0.002150559,,,,,,,,,,,
0.75,0.1,3.2,0,0.002150538,,,,,,,,,,,
0.8,0.1,3.2,0,0.002150538,,,,,,,,,,,
0.85,0.099998,3.2,0,0.002150495,,,,,,,,,,,
0.9,0.1,3.2,0,0.002150538,,,,,,,,,,,
0.95,0.1,3.2,0,0.002150538,,,,,,,,,,,
1,0.100001,3.2,0,0.002150559,,,,,,,,,,,
1.05,0.100001,3.2,0,0.002150559,,,,,,,,,,,
1.1,0.100002,3.2,0,0.002150581,,,,,,,,,,,
1.15,0.1,3.2,0,0.002150538,,,,,,,,,,,
1.2,0.1,3.2,0,0.002150538,,,,,,,,,,,
1.25,0.1,3.2,0,0.002150538,,,,,,,,,,,
1.3,0.1,3.2,0,0.002150538,,,,,,,,,,,
1.35,0.100002,3.2,0,0.002150581,,,,,,,,,,,
1.4,0.1,3.2,0,0.002150538,,,,,,,,,,,
1.45,0.1,3.2,0,0.002150538,,,,,,,,,,,
1.5,0.100001,3.2,0,0.002150559,,,,,,,,,,,
1.55,0.1,3.2,0,0.002150538,,,,,,,,,,,
1.6,0.100001,3.2,0,0.002150559,,,,,,,,,,,
1.65,0.100001,3.2,0,0.002150559,,,,,,,,,,,
1.7,0.1,3.2,0,0.002150538,,,,,,,,,,,
1.75,0.1,3.2,0,0.002150538,,,,,,,,,,,
1.8,0.100001,3.2,0,0.002150559,,,,,,,,,,,
1.85,0.1,3.2,0,0.002150538,,,,,,,,,,,
1.9,0.1,3.2,0,0.002150538,,,,,,,,,,,
1.95,0.100001,3.2,0,0.002150559,,,,,,,,,,,
2,0.1,3.2,0,0.002150538,,,,,,,,,,,
2.05,0.099998,3.2,0,0.002150495,,,,,,,,,,,
2.1,0.1,3.2,0,0.002150538,,,,,,,,,,,
2.15,0.100002,3.2,0,0.002150581,,,,,,,,,,,
2.2,0.1,3.2,0,0.002150538,,,,,,,,,,,
2.25,0.1,3.2,0,0.002150538,,,,,,,,,,,
2.3,0.1,3.2,0,0.002150538,,,,,,,,,,,
2.35,0.1,3.2,0,0.002150538,,,,,,,,,,,
2.4,0.100001,3.2,0,0.002150559,,,,,,,,,,,
2.45,0.099999,3.2,0,0.002150516,,,,,,,,,,,
2.5,0.100001,3.2,0,0.002150559,,,,,,,,,,,
2.55,0.100001,3.2,0,0.002150559,,,,,,,,,,,
2.6,0.100001,3.2,0,0.002150559,,,,,,,,,,,
2.65,0.1,3.2,0,0.002150538,,,,,,,,,,,
2.7,0.1,3.2,0,0.002150538,,,,,,,,,,,
2.75,0.1,3.2,0,0.002150538,,,,,,,,,,,
2.8,0.1,3.2,0,0.002150538,,,,,,,,,,,
2.85,0.1,3.2,0,0.002150538,,,,,,,,,,,
2.9,0.1,3.2,0,0.002150538,,,,,,,,,,,
2.95,0.1,3.2,0,0.002150538,,,,,,,,,,,
3,0.100001,3.2,0,0.002150559,,,,,,,,,,,
3.05,0.1,3.2,0,0.002150538,,,,,,,,,,,
3.1,0.1,3.2,0,0.002150538,,,,,,,,,,,
3.15,0.099999,3.2,0,0.002150516,,,,,,,,,,,
3.2,0.099999,3.2,0,0.002150516,,,,,,,,,,,
3.25,0.1,3.2,0,0.002150538,,,,,,,,,,,
3.3,0.100003,3.2,0,0.002150602,,,,,,,,,,,
3.35,0.100001,3.2,0,0.002150559,,,,,,,,,,,
3.4,0.1,3.2,0,0.002150538,,,,,,,,,,,
3.45,0.1,3.2,0,0.002150538,,,,,,,,,,,
3.5,0.1,3.2,0,0.002150538,,,,,,,,,,,
3.55,0.1,3.2,0,0.002150538,,,,,,,,,,,
3.6,0.1,3.2,0,0.002150538,,,,,,,,,,,
3.65,0.1,3.2,0,0.002150538,,,,,,,,,,,
3.7,0.1,3.2,0,0.002150538,,,,,,,,,,,
3.75,0.099999,3.2,0,0.002150516,,,,,,,,,,,
3.8,0.100001,3.2,0,0.002150559,,,,,,,,,,,
3.85,0.1,3.2,0,0.002150538,,,,,,,,,,,
3.9,0.099997,3.2,0,0.002150473,,,,,,,,,,,
3.95,0.099999,3.2,0,0.002150516,,,,,,,,,,,
4,0.1,3.2,0,0.002150538,,,,,,,,,,,
