Setup title,"2n7000 Fall 2019 Id-Vg"
Application test name,Id-Vg[3]
Test date,11/14/2019
Test time,18:34:08
Device ID,
Count,1
Flags,
Remarks,
Name,Gate,Source,Drain,VgStart,VgStop,VgStep,Vs,VdStart,VdStop,VdStep,IgLimit,IntegTime,HoldTime,DelayTime,DrainMinRng
Value,"SMU4:MP	MPSMU","SMU5:MP	MPSMU","SMU3:MP	MPSMU",0,4,0.05,0,0.25,2.5,0.25,0.001,MEDIUM,0,0,1nA
Name,Polarity,Lg,Wg,Temp,IdMax
Value,1,1.5E-06,4.65E-05,25,0.1
Vgate,Idrain,Vsource,Vdrain,gm,IdrainPerWg,gmPerWg
0,-5.42E-13,0,0.25,1.316E-11,-1.16559139784946E-14,2.83010752688172E-13
0.05,1.16E-13,0,0.25,1.03E-12,2.49462365591398E-15,2.21505376344086E-14
0.1,-4.39E-13,0,0.25,2.06E-12,-9.44086021505376E-15,4.43010752688172E-14
0.15,3.22E-13,0,0.25,2.1E-12,6.9247311827957E-15,4.51612903225806E-14
0.2,-2.29E-13,0,0.25,7.14E-12,-4.9247311827957E-15,1.53548387096774E-13
0.25,1.036E-12,0,0.25,-5.4E-13,2.22795698924731E-14,-1.16129032258064E-14
0.3,-2.83E-13,0,0.25,-2.52E-12,-6.08602150537634E-15,-5.41935483870967E-14
0.35,7.84E-13,0,0.25,5.34E-12,1.68602150537634E-14,1.14838709677419E-13
0.4,2.51E-13,0,0.25,6.47E-12,5.39784946236559E-15,1.39139784946237E-13
0.45,1.431E-12,0,0.25,1.257E-11,3.07741935483871E-14,2.70322580645161E-13
0.5,1.508E-12,0,0.25,2.221E-11,3.24301075268817E-14,4.7763440860215E-13
0.55,3.652E-12,0,0.25,3.822E-11,7.85376344086022E-14,8.21935483870968E-13
0.6,5.33E-12,0,0.25,6.597E-11,1.14623655913978E-13,1.41870967741936E-12
0.65,1.0249E-11,0,0.25,1.1888E-10,2.20408602150538E-13,2.55655913978494E-12
0.7,1.7218E-11,0,0.25,2.1853E-10,3.70279569892473E-13,4.69956989247312E-12
0.75,3.2102E-11,0,0.25,4.0559E-10,6.90365591397849E-13,8.72236559139785E-12
0.8,5.7777E-11,0,0.25,7.418E-10,1.24251612903226E-12,1.5952688172043E-11
0.85,1.06282E-10,0,0.25,1.38913E-09,2.28563440860215E-12,2.98737634408602E-11
0.9,1.9669E-10,0,0.25,2.64138E-09,4.22989247311828E-12,5.68038709677419E-11
0.95,3.7042E-10,0,0.25,5.04717E-09,7.96602150537634E-12,1.08541290322581E-10
1,7.01407E-10,0,0.25,9.6873E-09,1.50840215053763E-11,2.08329032258065E-10
1.05,1.33915E-09,0,0.25,1.897563E-08,2.87989247311828E-11,4.08078064516129E-10
1.1,2.59897E-09,0,0.25,3.71929E-08,5.58918279569892E-11,7.99847311827956E-10
1.15,5.05844E-09,0,0.25,7.29778000000001E-08,1.08783655913978E-10,1.56941505376344E-09
1.2,9.89675E-09,0,0.25,1.438146E-07,2.12833333333333E-10,3.0927870967742E-09
1.25,1.94399E-08,0,0.25,2.872075E-07,4.18062365591398E-10,6.17650537634408E-09
1.3,3.86175E-08,0,0.25,5.76612999999999E-07,8.30483870967742E-10,1.24002795698925E-08
1.35,7.71012E-08,0,0.25,1.159855E-06,1.65809032258064E-09,2.49431182795699E-08
1.4,1.54603E-07,0,0.25,2.328478E-06,3.32479569892473E-09,5.00747956989248E-08
1.45,3.09949E-07,0,0.25,4.69464000000001E-06,6.66556989247312E-09,1.0096E-07
1.5,6.24067E-07,0,0.25,9.45240999999999E-06,1.34207956989247E-08,2.03277634408602E-07
1.55,1.25519E-06,0,0.25,1.898923E-05,2.69933333333333E-08,4.08370537634408E-07
1.6,2.52299E-06,0,0.25,3.77845E-05,5.42578494623656E-08,8.12569892473117E-07
1.65,5.03364E-06,0,0.25,7.46302000000001E-05,1.08250322580645E-07,1.60495053763441E-06
1.7,9.98601E-06,0,0.25,0.0001452956,2.14752903225806E-07,3.12463655913979E-06
1.75,1.95632E-05,0,0.25,0.0002759429,4.20713978494624E-07,5.93425591397849E-06
1.8,3.75803E-05,0,0.25,0.000510986,8.08178494623656E-07,1.09889462365591E-05
1.85,7.06618E-05,0,0.25,0.000913906999999999,1.51960860215054E-06,1.96539139784946E-05
1.9,0.000128971,0,0.25,0.001566912,2.77356989247312E-06,3.36970322580646E-05
1.95,0.000227353,0,0.25,0.0025828,4.88931182795699E-06,5.55440860215054E-05
2,0.000387251,0,0.25,0.00408059000000001,8.32797849462366E-06,8.77546236559141E-05
2.05,0.000635412,0,0.25,0.00615422,1.36647741935484E-05,0.000132348817204301
2.1,0.001002673,0,0.25,0.00894557999999999,2.15628602150538E-05,0.000192378064516129
2.15,0.00152997,0,0.25,0.01254707,3.29025806451613E-05,0.000269829462365591
2.2,0.00225738,0,0.25,0.0169458,4.85458064516129E-05,0.000364425806451613
2.25,0.00322455,0,0.25,0.0222367,6.93451612903226E-05,0.000478208602150537
2.3,0.00448105,0,0.25,0.0283813,9.63666666666667E-05,0.000610350537634408
2.35,0.00606268,0,0.25,0.0350766000000001,0.000130380215053763,0.00075433548387097
2.4,0.00798871,0,0.25,0.0422997,0.000171800215053763,0.000909670967741935
2.45,0.01029265,0,0.25,0.0496919,0.000221347311827957,0.00106864301075269
2.5,0.0129579,0,0.25,0.0568245,0.000278664516129032,0.00122203225806452
2.55,0.0159751,0,0.25,0.0631389999999999,0.000343550537634409,0.00135782795698925
2.6,0.0192718,0,0.25,0.0683000000000002,0.000414447311827957,0.00146881720430108
2.65,0.0228051,0,0.25,0.0719989999999999,0.000490432258064516,0.00154836559139785
2.7,0.0264717,0,0.25,0.0736899999999999,0.000569283870967742,0.0015847311827957
2.75,0.0301741,0,0.25,0.073512,0.000648905376344086,0.00158090322580645
2.8,0.0338229,0,0.25,0.0715079999999999,0.000727374193548387,0.0015378064516129
2.85,0.0373249,0,0.25,0.0682590000000003,0.000802686021505376,0.00146793548387097
2.9,0.0406488,0,0.25,0.064218,0.000874167741935484,0.00138103225806452
2.95,0.0437467,0,0.25,0.059511,0.000940789247311828,0.0012798064516129
3,0.0465999,0,0.25,0.0545149999999999,0.00100214838709677,0.00117236559139785
3.05,0.0491982,0,0.25,0.0496959999999999,0.00105802580645161,0.0010687311827957
3.1,0.0515695,0,0.25,0.0451960000000001,0.00110902150537634,0.000971956989247314
3.15,0.0537178,0,0.25,0.040841,0.00115522150537634,0.000878301075268815
3.2,0.0556536,0,0.25,0.036941,0.00119685161290323,0.000794430107526879
3.25,0.0574119,0,0.25,0.033506,0.00123466451612903,0.000720559139784947
3.3,0.0590042,0,0.25,0.030323,0.00126890752688172,0.000652107526881722
3.35,0.0604442,0,0.25,0.0275490000000001,0.0012998752688172,0.000592451612903225
3.4,0.0617591,0,0.25,0.0251569999999999,0.00132815268817204,0.000541010752688169
3.45,0.0629599,0,0.25,0.022962,0.00135397634408602,0.000493806451612904
3.5,0.0640553,0,0.25,0.021072,0.00137753333333333,0.000453161290322583
3.55,0.0650671,0,0.25,0.0194569999999999,0.00139929247311828,0.000418430107526882
3.6,0.066001,0,0.25,0.0179580000000001,0.00141937634408602,0.000386193548387097
3.65,0.0668629,0,0.25,0.016654,0.00143791182795699,0.000358150537634407
3.7,0.0676664,0,0.25,0.015535,0.00145519139784946,0.000334086021505377
3.75,0.0684164,0,0.25,0.0144810000000001,0.00147132043010753,0.000311419354838711
3.8,0.0691145,0,0.25,0.0135500000000001,0.00148633333333333,0.000291397849462365
3.85,0.0697714,0,0.25,0.0127519999999999,0.00150046021505376,0.000274236559139783
3.9,0.0703897,0,0.25,0.011982,0.00151375698924731,0.000257677419354838
3.95,0.0709696,0,0.25,0.0113010000000001,0.00152622795698925,0.000243032258064519
4,0.0715198,0,0.25,0.0110040000000001,0.00153806021505376,0.000236645161290325
0,5.72E-13,0,0.5,-8.94E-12,1.23010752688172E-14,-1.92258064516129E-13
0.05,1.25E-13,0,0.5,-2.6E-12,2.68817204301075E-15,-5.59139784946237E-14
0.1,3.12E-13,0,0.5,-4.4E-13,6.70967741935484E-15,-9.46236559139785E-15
0.15,8.1E-14,0,0.5,-8.7E-13,1.74193548387097E-15,-1.87096774193548E-14
0.2,2.25E-13,0,0.5,-1.15E-12,4.83870967741935E-15,-2.47311827956989E-14
0.25,-3.4E-14,0,0.5,2.67E-12,-7.31182795698925E-16,5.74193548387097E-14
0.3,4.92E-13,0,0.5,1.03E-12,1.05806451612903E-14,2.21505376344086E-14
0.35,6.9E-14,0,0.5,5.24E-12,1.48387096774194E-15,1.12688172043011E-13
0.4,1.016E-12,0,0.5,1.071E-11,2.18494623655914E-14,2.30322580645161E-13
0.45,1.14E-12,0,0.5,1.471E-11,2.45161290322581E-14,3.16344086021505E-13
0.5,2.487E-12,0,0.5,2.457E-11,5.34838709677419E-14,5.28387096774193E-13
0.55,3.597E-12,0,0.5,3.716E-11,7.73548387096774E-14,7.99139784946237E-13
0.6,6.203E-12,0,0.5,6.686E-11,1.33397849462366E-13,1.43784946236559E-12
0.65,1.0283E-11,0,0.5,1.2535E-10,2.21139784946237E-13,2.69569892473118E-12
0.7,1.8738E-11,0,0.5,2.2717E-10,4.02967741935484E-13,4.88537634408602E-12
0.75,3.3E-11,0,0.5,4.1649E-10,7.09677419354839E-13,8.95677419354839E-12
0.8,6.0387E-11,0,0.5,7.7351E-10,1.29864516129032E-12,1.6634623655914E-11
0.85,1.10351E-10,0,0.5,1.45257E-09,2.37313978494624E-12,3.1238064516129E-11
0.9,2.05644E-10,0,0.5,2.76474E-09,4.42245161290323E-12,5.94567741935483E-11
0.95,3.86825E-10,0,0.5,5.30654E-09,8.31881720430107E-12,1.14119139784946E-10
1,7.36298E-10,0,0.5,1.024265E-08,1.58343655913978E-11,2.20272043010753E-10
1.05,1.41109E-09,0,0.5,2.018622E-08,3.03460215053763E-11,4.34112258064516E-10
1.1,2.75492E-09,0,0.5,3.96259E-08,5.92455913978495E-11,8.52169892473117E-10
1.15,5.37368E-09,0,0.5,7.83102000000001E-08,1.15563010752688E-10,1.68409032258065E-09
1.2,1.058594E-08,0,0.5,1.552032E-07,2.27654623655914E-10,3.33770322580646E-09
1.25,2.0894E-08,0,0.5,3.116516E-07,4.49333333333333E-10,6.70218494623655E-09
1.3,4.17511E-08,0,0.5,6.29769999999999E-07,8.9787311827957E-10,1.3543440860215E-08
1.35,8.3871E-08,0,0.5,1.274969E-06,1.80367741935484E-09,2.7418688172043E-08
1.4,1.69248E-07,0,0.5,2.57771E-06,3.63974193548387E-09,5.5434623655914E-08
1.45,3.41642E-07,0,0.5,5.23378000000001E-06,7.34713978494624E-09,1.12554408602151E-07
1.5,6.92626E-07,0,0.5,1.062268E-05,1.48951827956989E-08,2.28444731182796E-07
1.55,1.40391E-06,0,0.5,2.149384E-05,3.01916129032258E-08,4.62233118279569E-07
1.6,2.84201E-06,0,0.5,4.30471E-05,6.11184946236559E-08,9.25744086021504E-07
1.65,5.70862E-06,0,0.5,8.56063000000001E-05,1.22766021505376E-07,1.84099569892473E-06
1.7,1.140264E-05,0,0.5,0.0001676028,2.45218064516129E-07,3.60436129032258E-06
1.75,2.24689E-05,0,0.5,0.0003196986,4.83202150537634E-07,6.87523870967741E-06
1.8,4.33725E-05,0,0.5,0.000593772999999999,9.32741935483871E-07,1.2769311827957E-05
1.85,8.18462E-05,0,0.5,0.001063455,1.76013333333333E-06,2.287E-05
1.9,0.000149718,0,0.5,0.001823408,3.21974193548387E-06,3.92130752688173E-05
1.95,0.000264187,0,0.5,0.00300256,5.68144086021505E-06,6.4571182795699E-05
2,0.000449974,0,0.5,0.00473902000000001,9.67686021505376E-06,0.000101914408602151
2.05,0.000738089,0,0.5,0.00714315999999999,1.58728817204301E-05,0.000153616344086021
2.1,0.00116429,0,0.5,0.01038971,2.50384946236559E-05,0.000223434623655914
2.15,0.00177706,0,0.5,0.0145943,3.82163440860215E-05,0.000313855913978494
2.2,0.00262372,0,0.5,0.0197754,5.64240860215054E-05,0.000425277419354838
2.25,0.0037546,0,0.5,0.0261102,8.07440860215054E-05,0.000561509677419354
2.3,0.00523474,0,0.5,0.0336341,0.000112575053763441,0.000723313978494623
2.35,0.00711801,0,0.5,0.0421097000000001,0.000153075483870968,0.000905584946236562
2.4,0.00944571,0,0.5,0.0516259,0.000203133548387097,0.00111023440860215
2.45,0.0122806,0,0.5,0.0621799,0.000264098924731183,0.00133720215053763
2.5,0.0156637,0,0.5,0.073323,0.00033685376344086,0.00157683870967742
2.55,0.0196129,0,0.5,0.0845059999999999,0.000421782795698925,0.00181733333333333
2.6,0.0241143,0,0.5,0.0958000000000004,0.000518587096774193,0.00206021505376345
2.65,0.0291929,0,0.5,0.106832,0.000627804301075269,0.0022974623655914
2.7,0.0347975,0,0.5,0.116747,0.000748333333333333,0.00251068817204301
2.75,0.0408676,0,0.5,0.125311,0.00087887311827957,0.00269486021505376
2.8,0.0473286,0,0.5,0.131796,0.00101781935483871,0.00283432258064516
2.85,0.0540472,0,0.5,0.136160000000001,0.00116230537634409,0.00292817204301076
2.9,0.0609446,0,0.5,0.138163,0.00131063655913979,0.00297124731182796
2.95,0.0678635,0,0.5,0.137089,0.00145943010752688,0.0029481505376344
3,0.0746535,0,0.5,0.133046,0.00160545161290323,0.00286120430107527
3.05,0.0811681,0,0.5,0.126966,0.00174555053763441,0.00273045161290322
3.1,0.0873501,0,0.5,0.119367,0.00187849677419355,0.00256703225806452
3.15,0.0931048,0,0.5,0.110263,0.00200225376344086,0.00237124731182795
3.2,0.0983764,0,0.5,0.068958,0.00211562150537634,0.00148296774193549
3.25,0.1000006,0,0.5,0.0162430000000001,0.00215055053763441,0.000349311827956989
3.3,0.1000007,0,0.5,-2.00000000005751E-06,0.00215055268817204,-4.30107526894554E-08
3.35,0.1000004,0,0.5,0,0.00215054623655914,0
3.4,0.1000007,0,0.5,-9.99999999889977E-07,0.00215055268817204,-2.15053763425593E-08
3.45,0.1000003,0,0.5,-2.00000000005751E-06,0.00215054408602151,-4.30107526894554E-08
3.5,0.1000005,0,0.5,-3.00000000008626E-06,0.00215054838709677,-6.45161290320148E-08
3.55,0.1,0,0.5,2.00000000005751E-06,0.0021505376344086,4.30107526894554E-08
3.6,0.1000007,0,0.5,6.00000000003378E-06,0.00215055268817204,1.2903225806403E-07
3.65,0.1000006,0,0.5,0,0.00215055053763441,0
3.7,0.1000007,0,0.5,1.00000000002875E-06,0.00215055268817204,2.15053763425593E-08
3.75,0.1000007,0,0.5,-7.00000000006251E-06,0.00215055268817204,-1.50537634406589E-07
3.8,0.1,0,0.5,-3.00000000008626E-06,0.0021505376344086,-6.45161290320148E-08
3.85,0.1000004,0,0.5,5.00000000000502E-06,0.00215054623655914,1.07526881717134E-07
3.9,0.1000005,0,0.5,0,0.00215054838709677,0
3.95,0.1000004,0,0.5,0,0.00215054623655914,0
4,0.1000005,0,0.5,2.00000000005752E-06,0.00215054838709677,4.30107526851188E-08
0,9.9E-14,0,0.75,1.9E-12,2.12903225806452E-15,4.08602150537634E-14
0.05,1.94E-13,0,0.75,8.6E-13,4.17204301075269E-15,1.8494623655914E-14
0.1,1.85E-13,0,0.75,3.2E-13,3.97849462365591E-15,6.88172043010753E-15
0.15,2.26E-13,0,0.75,-3.44E-12,4.86021505376344E-15,-7.39784946236559E-14
0.2,-1.59E-13,0,0.75,3.35E-12,-3.41935483870968E-15,7.20430107526882E-14
0.25,5.61E-13,0,0.75,2.25E-12,1.20645161290323E-14,4.83870967741936E-14
0.3,6.6E-14,0,0.75,2.66E-12,1.41935483870968E-15,5.72043010752688E-14
0.35,8.27E-13,0,0.75,5.95E-12,1.77849462365591E-14,1.27956989247312E-13
0.4,6.61E-13,0,0.75,9.49E-12,1.42150537634409E-14,2.04086021505376E-13
0.45,1.776E-12,0,0.75,1.209E-11,3.81935483870968E-14,2.6E-13
0.5,1.87E-12,0,0.75,2.302E-11,4.02150537634409E-14,4.9505376344086E-13
0.55,4.078E-12,0,0.75,4.206E-11,8.76989247311828E-14,9.04516129032258E-13
0.6,6.076E-12,0,0.75,7.178E-11,1.30666666666667E-13,1.54365591397849E-12
0.65,1.1256E-11,0,0.75,1.2959E-10,2.42064516129032E-13,2.7868817204301E-12
0.7,1.9035E-11,0,0.75,2.3679E-10,4.09354838709677E-13,5.09225806451613E-12
0.75,3.4935E-11,0,0.75,4.3629E-10,7.51290322580645E-13,9.38258064516129E-12
0.8,6.2664E-11,0,0.75,8.0923E-10,1.34761290322581E-12,1.74027956989247E-11
0.85,1.15858E-10,0,0.75,1.52631E-09,2.49156989247312E-12,3.28238709677419E-11
0.9,2.15295E-10,0,0.75,2.90979E-09,4.63E-12,6.2576129032258E-11
0.95,4.06837E-10,0,0.75,5.59969E-09,8.74918279569892E-12,1.20423440860215E-10
1,7.75264E-10,0,0.75,1.081383E-08,1.66723440860215E-11,2.32555483870968E-10
1.05,1.48822E-09,0,0.75,2.118936E-08,3.20047311827957E-11,4.55685161290322E-10
1.1,2.8942E-09,0,0.75,4.21369E-08,6.22408602150538E-11,9.06169892473117E-10
1.15,5.70191E-09,0,0.75,8.33520000000001E-08,1.22621720430107E-10,1.79251612903226E-09
1.2,1.12294E-08,0,0.75,1.660679E-07,2.4149247311828E-10,3.57135268817205E-09
1.25,2.23087E-08,0,0.75,3.34942E-07,4.79756989247312E-10,7.20305376344085E-09
1.3,4.47236E-08,0,0.75,6.78495999999999E-07,9.61797849462365E-10,1.4591311827957E-08
1.35,9.01583E-08,0,0.75,1.378544E-06,1.93888817204301E-09,2.96461075268817E-08
1.4,1.82578E-07,0,0.75,2.797027E-06,3.92640860215054E-09,6.015111827957E-08
1.45,3.69861E-07,0,0.75,5.70060000000001E-06,7.954E-09,1.22593548387097E-07
1.5,7.52638E-07,0,0.75,1.160899E-05,1.61857634408602E-08,2.49655698924731E-07
1.55,1.53076E-06,0,0.75,2.356322E-05,3.29195698924731E-08,5.06735913978494E-07
1.6,3.10896E-06,0,0.75,4.73474E-05,6.68593548387097E-08,1.01822365591398E-06
1.65,6.2655E-06,0,0.75,9.43444000000001E-05,1.34741935483871E-07,2.02891182795699E-06
1.7,1.25434E-05,0,0.75,0.000185013,2.69750537634409E-07,3.97877419354839E-06
1.75,2.47668E-05,0,0.75,0.000352777,5.3261935483871E-07,7.58660215053763E-06
1.8,4.78211E-05,0,0.75,0.000654426999999999,1.02841075268817E-06,1.40736989247312E-05
1.85,9.02095E-05,0,0.75,0.001169539,1.93998924731183E-06,2.5151376344086E-05
1.9,0.000164775,0,0.75,0.001998465,3.54354838709677E-06,4.29777419354839E-05
1.95,0.000290056,0,0.75,0.00327957,6.23776344086021E-06,7.05283870967743E-05
2,0.000492732,0,0.75,0.00515584000000001,1.05963870967742E-05,0.000110878279569893
2.05,0.00080564,0,0.75,0.00774107999999999,1.73255913978495E-05,0.000166474838709677
2.1,0.00126684,0,0.75,0.0112197,2.72438709677419E-05,0.000241283870967742
2.15,0.00192761,0,0.75,0.0157129,4.14539784946236E-05,0.000337911827956989
2.2,0.00283813,0,0.75,0.0212429,6.10350537634408E-05,0.000456836559139785
2.25,0.0040519,0,0.75,0.0279995,8.71376344086021E-05,0.000602139784946236
2.3,0.00563808,0,0.75,0.0360331,0.000121249032258064,0.000774905376344085
2.35,0.00765521,0,0.75,0.0451151000000002,0.000164628172043011,0.000970217204301079
2.4,0.01014959,0,0.75,0.0553489,0.000218270752688172,0.00119029892473118
2.45,0.0131901,0,0.75,0.0668151,0.000283658064516129,0.00143688387096774
2.5,0.0168311,0,0.75,0.0791099999999999,0.000361959139784946,0.00170129032258064
2.55,0.0211011,0,0.75,0.0916789999999999,0.000453787096774194,0.00197159139784946
2.6,0.025999,0,0.75,0.10476,0.000559118279569892,0.00225290322580646
2.65,0.0315771,0,0.75,0.118127,0.000679077419354839,0.00254036559139785
2.7,0.0378117,0,0.75,0.13101,0.000813154838709677,0.00281741935483871
2.75,0.0446781,0,0.75,0.143418,0.00096081935483871,0.00308425806451612
2.8,0.0521535,0,0.75,0.154752,0.00112158064516129,0.003328
2.85,0.0601533,0,0.75,0.165196000000001,0.00129361935483871,0.00355260215053765
2.9,0.0686731,0,0.75,0.174516,0.00147684086021505,0.00375303225806451
2.95,0.0776049,0,0.75,0.181667,0.00166892258064516,0.00390681720430107
3,0.0868398,0,0.75,0.186215,0.00186752258064516,0.00400462365591397
3.05,0.0962264,0,0.75,0.131607,0.00206938494623656,0.00283025806451612
3.1,0.1000005,0,0.75,0.0377380000000002,0.00215054838709677,0.000811569892473122
3.15,0.1000002,0,0.75,-1.99999999991873E-06,0.00215054193548387,-4.30107526851186E-08
3.2,0.1000003,0,0.75,2.99999999994749E-06,0.00215054408602151,6.45161290320148E-08
3.25,0.1000005,0,0.75,-3.00000000008626E-06,0.00215054838709677,-6.45161290320148E-08
3.3,0.1,0,0.75,-2.99999999994749E-06,0.0021505376344086,-6.45161290320148E-08
3.35,0.1000002,0,0.75,2.00000000005752E-06,0.00215054193548387,4.30107526851188E-08
3.4,0.1000002,0,0.75,1.00000000002875E-06,0.00215054193548387,2.15053763468961E-08
3.45,0.1000003,0,0.75,1.99999999991873E-06,0.00215054408602151,4.30107526894554E-08
3.5,0.1000004,0,0.75,-2.00000000005751E-06,0.00215054623655914,-4.30107526894554E-08
3.55,0.1000001,0,0.75,-9.99999999889977E-07,0.00215053978494624,-2.15053763425593E-08
3.6,0.1000003,0,0.75,-1.00000000002876E-06,0.00215054408602151,-2.15053763425594E-08
3.65,0.1,0,0.75,-1.00000000002875E-06,0.0021505376344086,-2.15053763468961E-08
3.7,0.1000002,0,0.75,1.00000000002875E-06,0.00215054193548387,2.15053763425593E-08
3.75,0.1000001,0,0.75,3.99999999997624E-06,0.00215053978494624,8.60215053789109E-08
3.8,0.1000006,0,0.75,2.00000000005751E-06,0.00215055053763441,4.30107526894554E-08
3.85,0.1000003,0,0.75,-1.00000000002876E-06,0.00215054408602151,-2.15053763468962E-08
3.9,0.1000005,0,0.75,0,0.00215054838709677,0
3.95,0.1000003,0,0.75,1.00000000002875E-06,0.00215054408602151,2.15053763468961E-08
4,0.1000006,0,0.75,5.999999999895E-06,0.00215055053763441,1.2903225806403E-07
0,5.4E-13,0,1,5.4E-12,1.16129032258065E-14,1.16129032258065E-13
0.05,8.1E-13,0,1,-7.7E-12,1.74193548387097E-14,-1.65591397849462E-13
0.1,-2.3E-13,0,1,3.56E-11,-4.94623655913978E-15,7.65591397849462E-13
0.15,4.37E-12,0,1,4.62E-11,9.39784946236559E-14,9.93548387096774E-13
0.2,4.39E-12,0,1,-6.9E-12,9.44086021505376E-14,-1.48387096774194E-13
0.25,3.68E-12,0,1,6.30000000000001E-12,7.91397849462365E-14,1.35483870967742E-13
0.3,5.02E-12,0,1,1.18E-11,1.07956989247312E-13,2.53763440860215E-13
0.35,4.86E-12,0,1,-1.87E-11,1.04516129032258E-13,-4.02150537634408E-13
0.4,3.15E-12,0,1,1.36E-11,6.7741935483871E-14,2.9247311827957E-13
0.45,6.22E-12,0,1,4.53E-11,1.33763440860215E-13,9.74193548387097E-13
0.5,7.68E-12,0,1,4.85E-11,1.65161290322581E-13,1.04301075268817E-12
0.55,1.107E-11,0,1,6.03E-11,2.38064516129032E-13,1.29677419354839E-12
0.6,1.371E-11,0,1,6.13E-11,2.94838709677419E-13,1.31827956989247E-12
0.65,1.72E-11,0,1,1.391E-10,3.6989247311828E-13,2.99139784946236E-12
0.7,2.762E-11,0,1,2.27E-10,5.93978494623656E-13,4.88172043010753E-12
0.75,3.99E-11,0,1,4.246E-10,8.58064516129032E-13,9.13118279569893E-12
0.8,7.008E-11,0,1,8.819E-10,1.50709677419355E-12,1.89655913978495E-11
0.85,1.2809E-10,0,1,1.6766E-09,2.75462365591398E-12,3.60559139784946E-11
0.9,2.3774E-10,0,1,3.0651E-09,5.11268817204301E-12,6.5916129032258E-11
0.95,4.346E-10,0,1,5.8717E-09,9.34623655913978E-12,1.2627311827957E-10
1,8.2491E-10,0,1,1.14898E-08,1.774E-11,2.4709247311828E-10
1.05,1.58358E-09,0,1,2.26097E-08,3.40554838709677E-11,4.86230107526881E-10
1.1,3.08588E-09,0,1,4.46674E-08,6.63630107526882E-11,9.60589247311827E-10
1.15,6.05032E-09,0,1,8.85322000000001E-08,1.30114408602151E-10,1.90391827956989E-09
1.2,1.19391E-08,0,1,1.771618E-07,2.56754838709677E-10,3.8099311827957E-09
1.25,2.37665E-08,0,1,3.58043E-07,5.1110752688172E-10,7.69984946236558E-09
1.3,4.77434E-08,0,1,7.26744999999999E-07,1.02673978494624E-09,1.56289247311828E-08
1.35,9.6441E-08,0,1,1.479776E-06,2.074E-09,3.18231397849462E-08
1.4,1.95721E-07,0,1,3.00925E-06,4.20905376344086E-09,6.47150537634409E-08
1.45,3.97366E-07,0,1,6.14381000000001E-06,8.54550537634408E-09,1.32124946236559E-07
1.5,8.10102E-07,0,1,1.253434E-05,1.74215483870968E-08,2.69555698924731E-07
1.55,1.6508E-06,0,1,2.548618E-05,3.55010752688172E-08,5.48089892473118E-07
1.6,3.35872E-06,0,1,5.12587E-05,7.22305376344086E-08,1.1023376344086E-06
1.65,6.77667E-06,0,1,0.0001021828,1.45734838709677E-07,2.19747956989248E-06
1.7,1.3577E-05,0,1,0.0002003393,2.91978494623656E-07,4.30837204301076E-06
1.75,2.68106E-05,0,1,0.000381701,5.76572043010753E-07,8.20862365591397E-06
1.8,5.17471E-05,0,1,0.000706512999999999,1.11284086021505E-06,1.51938279569892E-05
1.85,9.74619E-05,0,1,0.001258999,2.09595483870968E-06,2.70752473118279E-05
1.9,0.000177647,0,1,0.002143431,3.82036559139785E-06,4.60952903225807E-05
1.95,0.000311805,0,1,0.00350264000000001,6.70548387096774E-06,7.53255913978496E-05
2,0.000527911,0,1,0.00548504000000001,1.13529247311828E-05,0.000117957849462366
2.05,0.000860309,0,1,0.00820198999999999,1.85012688172043E-05,0.00017638688172043
2.1,0.00134811,0,1,0.01184401,2.89916129032258E-05,0.000254709892473118
2.15,0.00204471,0,1,0.016533,4.39722580645161E-05,0.000355548387096774
2.2,0.00300141,0,1,0.02229,6.45464516129032E-05,0.000479354838709677
2.25,0.00427371,0,1,0.0293133,9.19077419354838E-05,0.000630393548387096
2.3,0.00593274,0,1,0.037647,0.000127585806451613,0.000809612903225806
2.35,0.00803841,0,1,0.0470674000000002,0.000172869032258064,0.00101220215053764
2.4,0.01063948,0,1,0.0576809,0.000228806021505376,0.00124044946236559
2.45,0.0138065,0,1,0.0695951999999999,0.000296913978494624,0.00149667096774193
2.5,0.017599,0,1,0.0824039999999999,0.00037847311827957,0.00177212903225806
2.55,0.0220469,0,1,0.0955439999999999,0.00047412688172043,0.00205470967741935
2.6,0.0271534,0,1,0.10933,0.000583944086021505,0.00235118279569893
2.65,0.0329799,0,1,0.123563,0.000709245161290322,0.0026572688172043
2.7,0.0395097,0,1,0.137502,0.000849670967741935,0.00295703225806451
2.75,0.0467301,0,1,0.151206,0.00100494838709677,0.00325174193548387
2.8,0.0546303,0,1,0.164157,0.00117484516129032,0.00353025806451613
2.85,0.0631458,0,1,0.176705000000001,0.00135797419354839,0.00380010752688174
2.9,0.0723008,0,1,0.188775,0.00155485591397849,0.00405967741935484
2.95,0.0820233,0,1,0.199438,0.00176394193548387,0.00428898924731182
3,0.0922446,0,1,0.179771,0.00198375483870968,0.00386604301075268
3.05,0.1000004,0,1,0.077557,0.00215054623655914,0.00166789247311828
3.1,0.1000003,0,1,-9.99999999889981E-07,0.00215054408602151,-2.15053763425594E-08
3.15,0.1000003,0,1,9.99999999889977E-07,0.00215054408602151,2.15053763425593E-08
3.2,0.1000004,0,1,-4.00000000011502E-06,0.00215054623655914,-8.60215053789109E-08
3.25,0.0999999,0,1,0,0.00215053548387097,0
3.3,0.1000004,0,1,4.00000000011502E-06,0.00215054623655914,8.60215053789109E-08
3.35,0.1000003,0,1,-5.00000000000502E-06,0.00215054408602151,-1.07526881721471E-07
3.4,0.0999999,0,1,1.99999999991873E-06,0.00215053548387097,4.30107526851186E-08
3.45,0.1000005,0,1,7.00000000006251E-06,0.00215054838709677,1.50537634410926E-07
3.5,0.1000006,0,1,-1.99999999991873E-06,0.00215055053763441,-4.30107526851186E-08
3.55,0.1000003,0,1,-2.00000000005751E-06,0.00215054408602151,-4.30107526894554E-08
3.6,0.1000004,0,1,3.99999999997626E-06,0.00215054623655914,8.60215053745745E-08
3.65,0.1000007,0,1,-1.99999999991873E-06,0.00215055268817204,-4.30107526894554E-08
3.7,0.1000002,0,1,-1.00000000002875E-06,0.00215054193548387,-2.15053763425593E-08
3.75,0.1000006,0,1,1.00000000002875E-06,0.00215055053763441,2.15053763468961E-08
3.8,0.1000003,0,1,-3.99999999997624E-06,0.00215054408602151,-8.60215053789109E-08
3.85,0.1000002,0,1,9.99999999889981E-07,0.00215054193548387,2.15053763425594E-08
3.9,0.1000004,0,1,2.99999999994749E-06,0.00215054623655914,6.45161290320148E-08
3.95,0.1000005,0,1,-1.99999999991873E-06,0.00215054838709677,-4.30107526894554E-08
4,0.1000002,0,1,-5.999999999895E-06,0.00215054193548387,-1.2903225806403E-07
0,6.24E-13,0,1.25,-6.8E-11,1.34193548387097E-14,-1.46236559139785E-12
0.05,-2.776E-12,0,1.25,-1.1985E-10,-5.96989247311828E-14,-2.57741935483871E-12
0.1,-1.1361E-11,0,1.25,3.436E-11,-2.44322580645161E-13,7.38924731182796E-13
0.15,6.6E-13,0,1.25,1.4041E-10,1.41935483870968E-14,3.01956989247312E-12
0.2,2.68E-12,0,1.25,3.57E-11,5.76344086021505E-14,7.67741935483871E-13
0.25,4.23E-12,0,1.25,-2.9E-12,9.09677419354839E-14,-6.23655913978495E-14
0.3,2.39E-12,0,1.25,-1.51E-11,5.13978494623656E-14,-3.24731182795699E-13
0.35,2.72E-12,0,1.25,9.1E-12,5.8494623655914E-14,1.95698924731183E-13
0.4,3.3E-12,0,1.25,4.19E-11,7.09677419354839E-14,9.01075268817205E-13
0.45,6.91E-12,0,1.25,3.21E-11,1.48602150537634E-13,6.90322580645161E-13
0.5,6.51E-12,0,1.25,-2.1E-12,1.4E-13,-4.51612903225807E-14
0.55,6.7E-12,0,1.25,4.03E-11,1.44086021505376E-13,8.66666666666667E-13
0.6,1.054E-11,0,1.25,1.026E-10,2.26666666666667E-13,2.20645161290323E-12
0.65,1.696E-11,0,1.25,1.687E-10,3.64731182795699E-13,3.62795698924731E-12
0.7,2.741E-11,0,1.25,2.701E-10,5.89462365591398E-13,5.80860215053763E-12
0.75,4.397E-11,0,1.25,4.541E-10,9.45591397849462E-13,9.76559139784946E-12
0.8,7.282E-11,0,1.25,9.043E-10,1.56602150537634E-12,1.9447311827957E-11
0.85,1.344E-10,0,1.25,1.6854E-09,2.89032258064516E-12,3.62451612903226E-11
0.9,2.4136E-10,0,1.25,3.2427E-09,5.1905376344086E-12,6.97354838709677E-11
0.95,4.5867E-10,0,1.25,6.2458E-09,9.86387096774193E-12,1.34318279569892E-10
1,8.6594E-10,0,1.25,1.19756E-08,1.86223655913978E-11,2.57539784946237E-10
1.05,1.65623E-09,0,1.25,2.3816E-08,3.56178494623656E-11,5.12172043010752E-10
1.1,3.24754E-09,0,1.25,4.72259E-08,6.98395698924731E-11,1.01561075268817E-09
1.15,6.37882E-09,0,1.25,9.36406000000001E-08,1.37178924731183E-10,2.01377634408602E-09
1.2,1.26116E-08,0,1.25,1.876298E-07,2.71217204301075E-10,4.0350494623656E-09
1.25,2.51418E-08,0,1.25,3.79808E-07,5.40683870967742E-10,8.16791397849461E-09
1.3,5.05924E-08,0,1.25,7.72280999999999E-07,1.08800860215054E-09,1.66081935483871E-08
1.35,1.023699E-07,0,1.25,1.575126E-06,2.20150322580645E-09,3.38736774193548E-08
1.4,2.08105E-07,0,1.25,3.207471E-06,4.47537634408602E-09,6.8977870967742E-08
1.45,4.23117E-07,0,1.25,6.55869000000001E-06,9.09929032258064E-09,1.41047096774194E-07
1.5,8.63974E-07,0,1.25,1.339263E-05,1.85800860215054E-08,2.88013548387096E-07
1.55,1.76238E-06,0,1.25,2.725846E-05,3.79006451612903E-08,5.86203440860214E-07
1.6,3.58982E-06,0,1.25,5.48735999999999E-05,7.72004301075269E-08,1.18007741935484E-06
1.65,7.24974E-06,0,1.25,0.0001093728,1.55908387096774E-07,2.35210322580645E-06
1.7,1.45271E-05,0,1.25,0.0002143166,3.12410752688172E-07,4.60895913978495E-06
1.75,2.86814E-05,0,1.25,0.000407665,6.16804301075269E-07,8.76698924731182E-06
1.8,5.52936E-05,0,1.25,0.000752708999999999,1.18910967741935E-06,1.61872903225806E-05
1.85,0.0001039523,0,1.25,0.001336764,2.23553333333333E-06,2.87476129032258E-05
1.9,0.00018897,0,1.25,0.002268997,4.06387096774194E-06,4.87956344086022E-05
1.95,0.000330852,0,1.25,0.00369489000000001,7.11509677419355E-06,7.94600000000001E-05
2,0.000558459,0,1.25,0.00576335000000001,1.20098709677419E-05,0.000123943010752688
2.05,0.000907187,0,1.25,0.00858720999999999,1.95093978494624E-05,0.000184671182795699
2.1,0.00141718,0,1.25,0.01235923,3.04769892473118E-05,0.000265789892473118
2.15,0.00214311,0,1.25,0.0172014,4.60883870967742E-05,0.000369922580645161
2.2,0.00313732,0,1.25,0.0231283,6.74692473118279E-05,0.000497382795698924
2.25,0.00445594,0,1.25,0.0303433,9.58266666666667E-05,0.000652544086021505
2.3,0.00617165,0,1.25,0.0389026,0.000132723655913978,0.00083661505376344
2.35,0.0083462,0,1.25,0.0485532000000002,0.000179488172043011,0.00104415483870968
2.4,0.01102697,0,1.25,0.059415,0.000237139139784946,0.00127774193548387
2.45,0.0142877,0,1.25,0.0716142999999999,0.000307262365591398,0.00154009247311828
2.5,0.0181884,0,1.25,0.0847409999999999,0.000391148387096774,0.00182238709677419
2.55,0.0227618,0,1.25,0.0982409999999999,0.000489501075268817,0.00211270967741935
2.6,0.0280125,0,1.25,0.112406,0.00060241935483871,0.00241733333333334
2.65,0.0340024,0,1.25,0.127058,0.00073123440860215,0.00273243010752688
2.7,0.0407183,0,1.25,0.141499,0.000875662365591398,0.00304298924731183
2.75,0.0481523,0,1.25,0.155783,0.00103553333333333,0.00335017204301075
2.8,0.0562966,0,1.25,0.169432,0.00121067956989247,0.00364369892473118
2.85,0.0650955,0,1.25,0.182854000000001,0.00139990322580645,0.00393234408602152
2.9,0.074582,0,1.25,0.195991,0.00160391397849462,0.00421486021505376
2.95,0.0846946,0,1.25,0.20796,0.00182138924731183,0.00447225806451612
3,0.095378,0,1.25,0.153059,0.00205113978494624,0.00329159139784946
3.05,0.1000005,0,1.25,0.0462230000000001,0.00215054838709677,0.000994043010752688
3.1,0.1000003,0,1.25,1.00000000002876E-06,0.00215054408602151,2.15053763468962E-08
3.15,0.1000006,0,1.25,1.99999999991873E-06,0.00215055053763441,4.30107526851186E-08
3.2,0.1000005,0,1.25,-2.00000000005751E-06,0.00215054838709677,-4.30107526894554E-08
3.25,0.1000004,0,1.25,-1.99999999991873E-06,0.00215054623655914,-4.30107526851186E-08
3.3,0.1000003,0,1.25,0,0.00215054408602151,0
3.35,0.1000004,0,1.25,-5.00000000000502E-06,0.00215054623655914,-1.07526881721471E-07
3.4,0.0999998,0,1.25,-1.99999999991873E-06,0.00215053333333333,-4.30107526894554E-08
3.45,0.1000002,0,1.25,5.000000000005E-06,0.00215054193548387,1.0752688172147E-07
3.5,0.1000003,0,1.25,1.99999999991873E-06,0.00215054408602151,4.30107526894554E-08
3.55,0.1000004,0,1.25,9.99999999889977E-07,0.00215054623655914,2.15053763425593E-08
3.6,0.1000004,0,1.25,-1.99999999991874E-06,0.00215054623655914,-4.30107526894556E-08
3.65,0.1000002,0,1.25,-3.99999999997624E-06,0.00215054193548387,-8.60215053745741E-08
3.7,0.1,0,1.25,-1.00000000002875E-06,0.0021505376344086,-2.15053763425593E-08
3.75,0.1000001,0,1.25,5.000000000005E-06,0.00215053978494624,1.07526881717133E-07
3.8,0.1000005,0,1.25,3.99999999997624E-06,0.00215054838709677,8.60215053745741E-08
3.85,0.1000005,0,1.25,-1.99999999991874E-06,0.00215054838709677,-4.30107526851188E-08
3.9,0.1000003,0,1.25,0,0.00215054408602151,0
3.95,0.1000005,0,1.25,9.99999999889977E-07,0.00215054838709677,2.15053763425593E-08
4,0.1000004,0,1.25,-2.00000000005752E-06,0.00215054623655914,-4.30107526851188E-08
0,6.7E-13,0,1.5,-8.91E-11,1.44086021505376E-14,-1.91612903225806E-12
0.05,-3.785E-12,0,1.5,-9.312E-11,-8.13978494623656E-14,-2.00258064516129E-12
0.1,-8.642E-12,0,1.5,-6.792E-11,-1.85849462365591E-13,-1.46064516129032E-12
0.15,-1.0577E-11,0,1.5,1.122E-11,-2.27462365591398E-13,2.41290322580645E-13
0.2,-7.52E-12,0,1.5,2.954E-11,-1.61720430107527E-13,6.35268817204301E-13
0.25,-7.623E-12,0,1.5,-2.719E-11,-1.63935483870968E-13,-5.84731182795699E-13
0.3,-1.0239E-11,0,1.5,8.893E-11,-2.20193548387097E-13,1.91247311827957E-12
0.35,1.27E-12,0,1.5,1.4269E-10,2.73118279569892E-14,3.06860215053763E-12
0.4,4.03E-12,0,1.5,3.79E-11,8.66666666666667E-14,8.1505376344086E-13
0.45,5.06E-12,0,1.5,1.32E-11,1.08817204301075E-13,2.83870967741935E-13
0.5,5.35E-12,0,1.5,3.48E-11,1.1505376344086E-13,7.48387096774193E-13
0.55,8.54E-12,0,1.5,5.13E-11,1.83655913978495E-13,1.10322580645161E-12
0.6,1.048E-11,0,1.5,7.17E-11,2.25376344086021E-13,1.54193548387097E-12
0.65,1.571E-11,0,1.5,1.388E-10,3.37849462365591E-13,2.98494623655914E-12
0.7,2.436E-11,0,1.5,2.713E-10,5.23870967741935E-13,5.83440860215054E-12
0.75,4.284E-11,0,1.5,5.15E-10,9.21290322580645E-13,1.10752688172043E-11
0.8,7.586E-11,0,1.5,9.277E-10,1.63139784946237E-12,1.99505376344086E-11
0.85,1.3561E-10,0,1.5,1.7606E-09,2.91634408602151E-12,3.78623655913979E-11
0.9,2.5192E-10,0,1.5,3.3964E-09,5.41763440860215E-12,7.30408602150537E-11
0.95,4.7525E-10,0,1.5,6.4827E-09,1.02204301075269E-11,1.39412903225806E-10
1,9.0019E-10,0,1.5,1.26022E-08,1.93589247311828E-11,2.71015053763441E-10
1.05,1.73547E-09,0,1.5,2.50078E-08,3.7321935483871E-11,5.37802150537634E-10
1.1,3.40097E-09,0,1.5,4.9613E-08,7.31391397849462E-11,1.06694623655914E-09
1.15,6.69677E-09,0,1.5,9.85753000000001E-08,1.44016559139785E-10,2.11989892473118E-09
1.2,1.32585E-08,0,1.5,1.977193E-07,2.85129032258064E-10,4.25202795698925E-09
1.25,2.64687E-08,0,1.5,4.00706E-07,5.6921935483871E-10,8.61733333333332E-09
1.3,5.33291E-08,0,1.5,8.15798999999999E-07,1.1468623655914E-09,1.7544064516129E-08
1.35,1.080486E-07,0,1.5,1.665939E-06,2.32362580645161E-09,3.58266451612903E-08
1.4,2.19923E-07,0,1.5,3.396724E-06,4.72952688172043E-09,7.30478279569893E-08
1.45,4.47721E-07,0,1.5,6.95388000000001E-06,9.62840860215054E-09,1.49545806451613E-07
1.5,9.15311E-07,0,1.5,1.421009E-05,1.96841075268817E-08,3.05593333333333E-07
1.55,1.86873E-06,0,1.5,2.893769E-05,4.01877419354839E-08,6.22315913978494E-07
1.6,3.80908E-06,0,1.5,5.82483E-05,8.19156989247312E-08,1.25265161290322E-06
1.65,7.69356E-06,0,1.5,0.0001160772,1.65452903225806E-07,2.49628387096775E-06
1.7,1.54168E-05,0,1.5,0.0002272524,3.31544086021505E-07,4.88714838709678E-06
1.75,3.04188E-05,0,1.5,0.000431638,6.54167741935484E-07,9.28253763440859E-06
1.8,5.85806E-05,0,1.5,0.000795105999999999,1.25979784946237E-06,1.70990537634408E-05
1.85,0.0001099294,0,1.5,0.001408424,2.36407311827957E-06,3.0288688172043E-05
1.9,0.000199423,0,1.5,0.002382216,4.28866666666667E-06,5.12304516129033E-05
1.95,0.000348151,0,1.5,0.00386587000000001,7.48711827956989E-06,8.3136989247312E-05
2,0.00058601,0,1.5,0.00600894000000001,1.26023655913979E-05,0.000129224516129032
2.05,0.000949045,0,1.5,0.00892359999999999,2.04095698924731E-05,0.000191905376344086
2.1,0.00147837,0,1.5,0.01280855,3.17929032258064E-05,0.000275452688172043
2.15,0.0022299,0,1.5,0.0177747,4.79548387096774E-05,0.000382251612903225
2.2,0.00325584,0,1.5,0.0238406,7.0018064516129E-05,0.000512701075268817
2.25,0.00461396,0,1.5,0.0312175,9.92249462365591E-05,0.000671344086021505
2.3,0.00637759,0,1.5,0.0399491,0.00013715247311828,0.000859120430107526
2.35,0.00860887,0,1.5,0.0497731000000002,0.000185136989247312,0.00107038924731183
2.4,0.0113549,0,1.5,0.0608253,0.000244191397849462,0.00130807096774193
2.45,0.0146914,0,1.5,0.0732509999999999,0.000315944086021505,0.00157529032258064
2.5,0.01868,0,1.5,0.0866149999999999,0.000401720430107527,0.00186268817204301
2.55,0.0233529,0,1.5,0.10035,0.000502212903225806,0.00215806451612903
2.6,0.028715,0,1.5,0.114763,0.00061752688172043,0.00246802150537635
2.65,0.0348292,0,1.5,0.129688,0.000749015053763441,0.00278898924731183
2.7,0.0416838,0,1.5,0.144444,0.000896425806451613,0.00310632258064516
2.75,0.0492736,0,1.5,0.15906,0.00105964731182796,0.00342064516129032
2.8,0.0575898,0,1.5,0.173102,0.00123849032258065,0.00372262365591397
2.85,0.0665838,0,1.5,0.186949000000001,0.00143190967741935,0.00402040860215055
2.9,0.0762847,0,1.5,0.200584,0.0016405311827957,0.00431363440860214
2.95,0.0866422,0,1.5,0.213195,0.00186327311827957,0.00458483870967741
3,0.0976042,0,1.5,0.133582,0.00209901505376344,0.0028727311827957
3.05,0.1000004,0,1.5,0.023962,0.00215054623655914,0.000515311827956987
3.1,0.1000004,0,1.5,2.00000000005752E-06,0.00215054623655914,4.30107526894556E-08
3.15,0.1000006,0,1.5,0,0.00215055053763441,0
3.2,0.1000004,0,1.5,-2.00000000005751E-06,0.00215054623655914,-4.30107526894554E-08
3.25,0.1000004,0,1.5,1.00000000002875E-06,0.00215054623655914,2.15053763425593E-08
3.3,0.1000005,0,1.5,1.00000000002875E-06,0.00215054838709677,2.15053763425593E-08
3.35,0.1000005,0,1.5,0,0.00215054838709677,0
3.4,0.1000005,0,1.5,-1.99999999991873E-06,0.00215054838709677,-4.30107526851186E-08
3.45,0.1000003,0,1.5,-2.99999999994749E-06,0.00215054408602151,-6.45161290320148E-08
3.5,0.1000002,0,1.5,9.99999999889977E-07,0.00215054193548387,2.15053763425593E-08
3.55,0.1000004,0,1.5,1.99999999991873E-06,0.00215054623655914,4.30107526894554E-08
3.6,0.1000004,0,1.5,2.00000000005752E-06,0.00215054623655914,4.30107526894556E-08
3.65,0.1000006,0,1.5,1.00000000002875E-06,0.00215055053763441,2.15053763425593E-08
3.7,0.1000005,0,1.5,-2.99999999994749E-06,0.00215054838709677,-6.45161290320148E-08
3.75,0.1000003,0,1.5,-1.00000000002875E-06,0.00215054408602151,-2.15053763425593E-08
3.8,0.1000004,0,1.5,1.99999999991873E-06,0.00215054623655914,4.30107526851186E-08
3.85,0.1000005,0,1.5,3.00000000008628E-06,0.00215054838709677,6.4516129032015E-08
3.9,0.1000007,0,1.5,-1.99999999991873E-06,0.00215055268817204,-4.30107526851186E-08
3.95,0.1000003,0,1.5,-3.00000000008626E-06,0.00215054408602151,-6.45161290320148E-08
4,0.1000004,0,1.5,1.99999999977996E-06,0.00215054623655914,4.30107526851188E-08
0,1.266E-12,0,1.75,-6.06E-11,2.72258064516129E-14,-1.30322580645161E-12
0.05,-1.764E-12,0,1.75,-9.778E-11,-3.79354838709677E-14,-2.10279569892473E-12
0.1,-8.512E-12,0,1.75,-3.78E-12,-1.8305376344086E-13,-8.12903225806452E-14
0.15,-2.142E-12,0,1.75,6.215E-11,-4.60645161290323E-14,1.33655913978495E-12
0.2,-2.297E-12,0,1.75,-5.858E-11,-4.93978494623656E-14,-1.25978494623656E-12
0.25,-8E-12,0,1.75,-4.173E-11,-1.72043010752688E-13,-8.9741935483871E-13
0.3,-6.47E-12,0,1.75,-9.70000000000001E-12,-1.39139784946237E-13,-2.08602150537634E-13
0.35,-8.97E-12,0,1.75,-1.398E-11,-1.92903225806452E-13,-3.00645161290322E-13
0.4,-7.868E-12,0,1.75,9.39E-12,-1.69204301075269E-13,2.01935483870968E-13
0.45,-8.031E-12,0,1.75,7.539E-11,-1.72709677419355E-13,1.62129032258065E-12
0.5,-3.29E-13,0,1.75,2.203E-11,-7.0752688172043E-15,4.73763440860215E-13
0.55,-5.828E-12,0,1.75,-4.012E-11,-1.25333333333333E-13,-8.62795698924731E-13
0.6,-4.341E-12,0,1.75,1.8688E-10,-9.33548387096774E-14,4.0189247311828E-12
0.65,1.286E-11,0,1.75,3.1601E-10,2.76559139784946E-13,6.79591397849462E-12
0.7,2.726E-11,0,1.75,3.097E-10,5.86236559139785E-13,6.66021505376344E-12
0.75,4.383E-11,0,1.75,5.232E-10,9.4258064516129E-13,1.12516129032258E-11
0.8,7.958E-11,0,1.75,9.4684E-10,1.71139784946237E-12,2.03621505376344E-11
0.85,1.38514E-10,0,1.75,1.67299E-09,2.97879569892473E-12,3.59782795698925E-11
0.9,2.46879E-10,0,1.75,3.50467E-09,5.30922580645161E-12,7.53692473118279E-11
0.95,4.88981E-10,0,1.75,6.86017E-09,1.05157204301075E-11,1.47530537634409E-10
1,9.32896E-10,0,1.75,1.326649E-08,2.00622795698925E-11,2.85300860215054E-10
1.05,1.81563E-09,0,1.75,2.625114E-08,3.90458064516129E-11,5.6454064516129E-10
1.1,3.55801E-09,0,1.75,5.1981E-08,7.65163440860215E-11,1.11787096774193E-09
1.15,7.01373E-09,0,1.75,1.034189E-07,1.50832903225806E-10,2.2240623655914E-09
1.2,1.38999E-08,0,1.75,2.076117E-07,2.98922580645161E-10,4.46476774193549E-09
1.25,2.77749E-08,0,1.75,4.21179E-07,5.97309677419355E-10,9.0576129032258E-09
1.3,5.60178E-08,0,1.75,8.58288999999999E-07,1.20468387096774E-09,1.84578279569892E-08
1.35,1.136038E-07,0,1.75,1.754272E-06,2.44309247311828E-09,3.77262795698924E-08
1.4,2.31445E-07,0,1.75,3.58007200000001E-06,4.97731182795699E-09,7.69907956989248E-08
1.45,4.71611E-07,0,1.75,7.33555000000001E-06,1.01421720430108E-08,1.5775376344086E-07
1.5,9.65E-07,0,1.75,1.499839E-05,2.0752688172043E-08,3.22546021505376E-07
1.55,1.97145E-06,0,1.75,3.05512E-05,4.23967741935484E-08,6.5701505376344E-07
1.6,4.02012E-06,0,1.75,6.15092E-05,8.64541935483871E-08,1.32277849462365E-06
1.65,8.12237E-06,0,1.75,0.0001225288,1.74674623655914E-07,2.63502795698925E-06
1.7,1.6273E-05,0,1.75,0.0002395963,3.49956989247312E-07,5.15260860215054E-06
1.75,3.2082E-05,0,1.75,0.000454289,6.89935483870968E-07,9.76965591397849E-06
1.8,6.17019E-05,0,1.75,0.000834639999999999,1.32692258064516E-06,1.79492473118279E-05
1.85,0.000115546,0,1.75,0.001475771,2.48486021505376E-06,3.17370107526881E-05
1.9,0.000209279,0,1.75,0.00248793,4.50062365591398E-06,5.3503870967742E-05
1.95,0.000364339,0,1.75,0.00402324000000001,7.83524731182796E-06,8.65212903225808E-05
2,0.000611603,0,1.75,0.00623562000000001,1.3152752688172E-05,0.00013409935483871
2.05,0.000987901,0,1.75,0.00923006999999999,2.12451827956989E-05,0.000198496129032258
2.1,0.00153461,0,1.75,0.01320779,3.30023655913978E-05,0.000284038494623656
2.15,0.00230868,0,1.75,0.0182881,4.96490322580645E-05,0.000393292473118279
2.2,0.00336342,0,1.75,0.0244781,7.23316129032258E-05,0.000526410752688172
2.25,0.00475649,0,1.75,0.031986,0.000102290107526882,0.000687870967741935
2.3,0.00656202,0,1.75,0.0408554,0.000141118709677419,0.000878610752688171
2.35,0.00884203,0,1.75,0.0507868000000002,0.000190151182795699,0.00109218924731183
2.4,0.0116407,0,1.75,0.0621146999999999,0.000250337634408602,0.0013358
2.45,0.0150535,0,1.75,0.0747359999999999,0.000323731182795699,0.00160722580645161
2.5,0.0191143,0,1.75,0.0881619999999999,0.000411060215053763,0.00189595698924731
2.55,0.0238697,0,1.75,0.102089,0.00051332688172043,0.0021954623655914
2.6,0.0293232,0,1.75,0.116705,0.000630606451612903,0.00250978494623657
2.65,0.0355402,0,1.75,0.131835,0.000764305376344086,0.00283516129032258
2.7,0.0425067,0,1.75,0.146792,0.000914122580645161,0.00315681720430107
2.75,0.0502194,0,1.75,0.161659,0.00107998709677419,0.0034765376344086
2.8,0.0586726,0,1.75,0.175947,0.00126177634408602,0.0037838064516129
2.85,0.0678141,0,1.75,0.190064000000001,0.00145836774193548,0.00408739784946238
2.9,0.077679,0,1.75,0.203973,0.00167051612903226,0.00438651612903226
2.95,0.0882114,0,1.75,0.216909,0.00189701935483871,0.00466470967741935
3,0.0993699,0,1.75,0.117889,0.00213698709677419,0.00253524731182796
3.05,0.1000003,0,1.75,0.00630400000000003,0.00215054408602151,0.000135569892473117
3.1,0.1000003,0,1.75,9.99999999889981E-07,0.00215054408602151,2.15053763425594E-08
3.15,0.1000004,0,1.75,0,0.00215054623655914,0
3.2,0.1000003,0,1.75,1.00000000002875E-06,0.00215054408602151,2.15053763425593E-08
3.25,0.1000005,0,1.75,1.99999999991873E-06,0.00215054838709677,4.30107526851186E-08
3.3,0.1000005,0,1.75,-5.000000000005E-06,0.00215054838709677,-1.07526881717133E-07
3.35,0.1,0,1.75,2.00000000005752E-06,0.0021505376344086,4.30107526894556E-08
3.4,0.1000007,0,1.75,3.99999999997624E-06,0.00215055268817204,8.60215053745741E-08
3.45,0.1000004,0,1.75,0,0.00215054623655914,0
3.5,0.1000007,0,1.75,-9.99999999889977E-07,0.00215055268817204,-2.15053763425593E-08
3.55,0.1000003,0,1.75,-2.00000000005751E-06,0.00215054408602151,-4.30107526894554E-08
3.6,0.1000005,0,1.75,1.99999999991874E-06,0.00215054838709677,4.30107526851188E-08
3.65,0.1000005,0,1.75,-1.00000000002875E-06,0.00215054838709677,-2.15053763425593E-08
3.7,0.1000004,0,1.75,-1.00000000002875E-06,0.00215054623655914,-2.15053763425593E-08
3.75,0.1000004,0,1.75,1.00000000002875E-06,0.00215054623655914,2.15053763425593E-08
3.8,0.1000005,0,1.75,0,0.00215054838709677,0
3.85,0.1000004,0,1.75,-1.00000000002876E-06,0.00215054623655914,-2.15053763425594E-08
3.9,0.1000004,0,1.75,-9.99999999889977E-07,0.00215054623655914,-2.15053763425593E-08
3.95,0.1000003,0,1.75,-9.99999999889977E-07,0.00215054408602151,-2.15053763425593E-08
4,0.1000003,0,1.75,0,0.00215054408602151,0
0,1.005E-12,0,2,-8.138E-11,2.16129032258064E-14,-1.75010752688172E-12
0.05,-3.064E-12,0,2,-6.202E-11,-6.58924731182796E-14,-1.33376344086021E-12
0.1,-5.197E-12,0,2,-4.13E-11,-1.11763440860215E-13,-8.88172043010752E-13
0.15,-7.194E-12,0,2,2.035E-11,-1.54709677419355E-13,4.37634408602151E-13
0.2,-3.162E-12,0,2,1.241E-11,-6.8E-14,2.66881720430107E-13
0.25,-5.953E-12,0,2,-4.643E-11,-1.28021505376344E-13,-9.98494623655914E-13
0.3,-7.805E-12,0,2,-1.599E-11,-1.67849462365591E-13,-3.43870967741935E-13
0.35,-7.552E-12,0,2,8.63E-12,-1.62408602150538E-13,1.85591397849462E-13
0.4,-6.942E-12,0,2,2.933E-11,-1.49290322580645E-13,6.30752688172043E-13
0.45,-4.619E-12,0,2,1.202E-11,-9.93333333333333E-14,2.58494623655914E-13
0.5,-5.74E-12,0,2,1.59999999999999E-13,-1.23440860215054E-13,3.44086021505381E-15
0.55,-4.603E-12,0,2,4.41E-11,-9.8989247311828E-14,9.48387096774193E-13
0.6,-1.33E-12,0,2,9.905E-11,-2.86021505376344E-14,2.13010752688172E-12
0.65,5.302E-12,0,2,1.5993E-10,1.14021505376344E-13,3.43935483870967E-12
0.7,1.4663E-11,0,2,2.8566E-10,3.15333333333333E-13,6.14322580645161E-12
0.75,3.3868E-11,0,2,5.6858E-10,7.28344086021505E-13,1.22275268817204E-11
0.8,7.1521E-11,0,2,9.9866E-10,1.53808602150538E-12,2.1476559139785E-11
0.85,1.33734E-10,0,2,1.91858E-09,2.876E-12,4.12597849462366E-11
0.9,2.63379E-10,0,2,3.6994E-09,5.66406451612903E-12,7.95569892473117E-11
0.95,5.03674E-10,0,2,7.11357E-09,1.08316989247312E-11,1.5298E-10
1,9.74736E-10,0,2,1.396526E-08,2.0962064516129E-11,3.00328172043011E-10
1.05,1.9002E-09,0,2,2.748584E-08,4.08645161290323E-11,5.91093333333333E-10
1.1,3.72332E-09,0,2,5.44733E-08,8.00713978494624E-11,1.1714688172043E-09
1.15,7.34753E-09,0,2,1.085228E-07,1.58011397849462E-10,2.33382365591398E-09
1.2,1.45756E-08,0,2,2.179197E-07,3.1345376344086E-10,4.68644516129033E-09
1.25,2.91395E-08,0,2,4.42297E-07,6.26655913978494E-10,9.5117634408602E-09
1.3,5.88053E-08,0,2,9.01824999999999E-07,1.26463010752688E-09,1.93940860215054E-08
1.35,1.19322E-07,0,2,1.844467E-06,2.56606451612903E-09,3.96659569892473E-08
1.4,2.43252E-07,0,2,3.76552000000001E-06,5.23122580645161E-09,8.09789247311829E-08
1.45,4.95874E-07,0,2,7.71683000000001E-06,1.06639569892473E-08,1.65953333333334E-07
1.5,1.014935E-06,0,2,1.578256E-05,2.18265591397849E-08,3.39409892473118E-07
1.55,2.07413E-06,0,2,3.215365E-05,4.46049462365591E-08,6.91476344086021E-07
1.6,4.2303E-06,0,2,6.47067999999999E-05,9.09741935483871E-08,1.3915440860215E-06
1.65,8.54481E-06,0,2,0.000128732,1.8375935483871E-07,2.76843010752688E-06
1.7,1.71035E-05,0,2,0.0002513649,3.67817204301075E-07,5.40569677419355E-06
1.75,3.36813E-05,0,2,0.000475938,7.24329032258064E-07,1.02352258064516E-05
1.8,6.46973E-05,0,2,0.000872436999999999,1.39133978494624E-06,1.87620860215054E-05
1.85,0.000120925,0,2,0.001538707,2.6005376344086E-06,3.30904731182795E-05
1.9,0.000218568,0,2,0.00258629,4.70038709677419E-06,5.56191397849463E-05
1.95,0.000379554,0,2,0.00416912000000001,8.16245161290322E-06,8.9658494623656E-05
2,0.00063548,0,2,0.00644208000000001,1.36662365591398E-05,0.00013853935483871
2.05,0.001023762,0,2,0.00951049999999999,2.20163870967742E-05,0.00020452688172043
2.1,0.00158653,0,2,0.01357498,3.41189247311828E-05,0.000291935053763441
2.15,0.00238126,0,2,0.0187574,5.12098924731183E-05,0.000403384946236559
2.2,0.00346227,0,2,0.0250556,7.44574193548387E-05,0.000538830107526881
2.25,0.00488682,0,2,0.0326785,0.000105092903225806,0.000702763440860214
2.3,0.00673012,0,2,0.0416748,0.00014473376344086,0.000896232258064515
2.35,0.0090543,0,2,0.0517358000000002,0.000194716129032258,0.00111259784946237
2.4,0.0119037,0,2,0.063203,0.000255993548387097,0.00135920430107527
2.45,0.0153746,0,2,0.0759729999999999,0.000330636559139785,0.00163382795698925
2.5,0.019501,0,2,0.0895479999999999,0.000419376344086022,0.00192576344086021
2.55,0.0243294,0,2,0.103623,0.000523212903225806,0.00222845161290322
2.6,0.0298633,0,2,0.118389,0.000642221505376344,0.00254600000000001
2.65,0.0361683,0,2,0.133694,0.000777812903225806,0.00287513978494623
2.7,0.0432327,0,2,0.148826,0.000929735483870968,0.00320055913978494
2.75,0.0510509,0,2,0.163856,0.0010978688172043,0.00352378494623656
2.8,0.0596183,0,2,0.178295,0.00128211397849462,0.00383430107526882
2.85,0.0688804,0,2,0.192605000000001,0.00148129892473118,0.0041420430107527
2.9,0.0788788,0,2,0.206747,0.00169631827956989,0.00444617204301075
2.95,0.0895551,0,2,0.211216,0.00192591612903226,0.00454227956989247
3,0.1000004,0,2,0.104453,0.00215054623655914,0.00224630107526881
3.05,0.1000004,0,2,-3.99999999997624E-06,0.00215054623655914,-8.60215053745741E-08
3.1,0.1,0,2,-3.99999999997626E-06,0.0021505376344086,-8.60215053745745E-08
3.15,0.1,0,2,1.00000000002875E-06,0.0021505376344086,2.15053763425593E-08
3.2,0.1000001,0,2,3.00000000008626E-06,0.00215053978494624,6.45161290320148E-08
3.25,0.1000003,0,2,0,0.00215054408602151,0
3.3,0.1000001,0,2,1.99999999991873E-06,0.00215053978494624,4.30107526851186E-08
3.35,0.1000005,0,2,2.9999999999475E-06,0.00215054838709677,6.4516129032015E-08
3.4,0.1000004,0,2,1.00000000002875E-06,0.00215054623655914,2.15053763468961E-08
3.45,0.1000006,0,2,1.00000000002875E-06,0.00215055053763441,2.15053763425593E-08
3.5,0.1000005,0,2,-5.000000000005E-06,0.00215054838709677,-1.0752688172147E-07
3.55,0.1000001,0,2,2.00000000005751E-06,0.00215053978494624,4.30107526894554E-08
3.6,0.1000007,0,2,0,0.00215055268817204,0
3.65,0.1000001,0,2,-2.00000000005751E-06,0.00215053978494624,-4.30107526894554E-08
3.7,0.1000005,0,2,3.99999999997624E-06,0.00215054838709677,8.60215053745741E-08
3.75,0.1000005,0,2,0,0.00215054838709677,0
3.8,0.1000005,0,2,-1.00000000002875E-06,0.00215054838709677,-2.15053763425593E-08
3.85,0.1000004,0,2,1.00000000002876E-06,0.00215054623655914,2.15053763468962E-08
3.9,0.1000006,0,2,0,0.00215055053763441,0
3.95,0.1000004,0,2,0,0.00215054623655914,0
4,0.1000006,0,2,4.00000000011504E-06,0.00215055053763441,8.60215053789113E-08
0,1.016E-12,0,2.25,4.506E-11,2.18494623655914E-14,9.69032258064516E-13
0.05,3.269E-12,0,2.25,-5.718E-11,7.03010752688172E-14,-1.22967741935484E-12
0.1,-4.702E-12,0,2.25,-1.0141E-10,-1.01118279569892E-13,-2.18086021505376E-12
0.15,-6.872E-12,0,2.25,-1.947E-11,-1.47784946236559E-13,-4.18709677419355E-13
0.2,-6.649E-12,0,2.25,2.259E-11,-1.42989247311828E-13,4.85806451612903E-13
0.25,-4.613E-12,0,2.25,-3.2E-12,-9.92043010752688E-14,-6.88172043010753E-14
0.3,-6.969E-12,0,2.25,-2.311E-11,-1.49870967741935E-13,-4.96989247311828E-13
0.35,-6.924E-12,0,2.25,2.085E-11,-1.48903225806452E-13,4.48387096774193E-13
0.4,-4.884E-12,0,2.25,9.17E-12,-1.05032258064516E-13,1.97204301075269E-13
0.45,-6.007E-12,0,2.25,-2.16E-12,-1.29182795698925E-13,-4.64516129032259E-14
0.5,-5.1E-12,0,2.25,3.254E-11,-1.09677419354839E-13,6.99784946236559E-13
0.55,-2.753E-12,0,2.25,4.851E-11,-5.92043010752688E-14,1.04322580645161E-12
0.6,-2.49E-13,0,2.25,8.31E-11,-5.35483870967742E-15,1.78709677419355E-12
0.65,5.557E-12,0,2.25,1.6613E-10,1.19505376344086E-13,3.57268817204301E-12
0.7,1.6364E-11,0,2.25,3.2232E-10,3.51913978494624E-13,6.93161290322581E-12
0.75,3.7789E-11,0,2.25,5.6318E-10,8.12666666666667E-13,1.21113978494624E-11
0.8,7.2682E-11,0,2.25,1.06911E-09,1.56305376344086E-12,2.29916129032258E-11
0.85,1.447E-10,0,2.25,2.0325E-09,3.11182795698925E-12,4.37096774193548E-11
0.9,2.75932E-10,0,2.25,3.8204E-09,5.93402150537634E-12,8.21591397849462E-11
0.95,5.2674E-10,0,2.25,7.45713E-09,1.13277419354839E-11,1.60368387096774E-10
1,1.021645E-09,0,2.25,1.45847E-08,2.19708602150538E-11,3.13649462365591E-10
1.05,1.98521E-09,0,2.25,2.869885E-08,4.2692688172043E-11,6.17179569892472E-10
1.1,3.89153E-09,0,2.25,5.69617999999999E-08,8.36888172043011E-11,1.22498494623656E-09
1.15,7.68139E-09,0,2.25,1.136317E-07,1.65191182795699E-10,2.44369247311828E-09
1.2,1.52547E-08,0,2.25,2.283801E-07,3.28058064516129E-10,4.9114E-09
1.25,3.05194E-08,0,2.25,4.63661999999999E-07,6.56331182795699E-10,9.9712258064516E-09
1.3,6.16209E-08,0,2.25,9.45735999999999E-07,1.32518064516129E-09,2.03384086021505E-08
1.35,1.25093E-07,0,2.25,1.935111E-06,2.69017204301075E-09,4.16152903225806E-08
1.4,2.55132E-07,0,2.25,3.95126000000001E-06,5.48670967741935E-09,8.49733333333334E-08
1.45,5.20219E-07,0,2.25,8.10083000000001E-06,1.11875053763441E-08,1.74211397849463E-07
1.5,1.065215E-06,0,2.25,1.656781E-05,2.29078494623656E-08,3.56296989247311E-07
1.55,2.177E-06,0,2.25,3.374205E-05,4.68172043010753E-08,7.25635483870967E-07
1.6,4.43942E-06,0,2.25,6.78538999999999E-05,9.54713978494624E-08,1.45922365591398E-06
1.65,8.96239E-06,0,2.25,0.0001349058,1.92739569892473E-07,2.9012E-06
1.7,1.793E-05,0,2.25,0.0002631511,3.85591397849462E-07,5.65916344086022E-06
1.75,3.52775E-05,0,2.25,0.000497132,7.58655913978495E-07,1.06910107526882E-05
1.8,6.76432E-05,0,2.25,0.000908734999999999,1.45469247311828E-06,1.9542688172043E-05
1.85,0.000126151,0,2.25,0.001598698,2.7129247311828E-06,3.43806021505376E-05
1.9,0.000227513,0,2.25,0.00267984,4.89275268817204E-06,5.76309677419356E-05
1.95,0.000394135,0,2.25,0.00430649000000001,8.47602150537634E-06,9.26126881720431E-05
2,0.000658162,0,2.25,0.00663542000000001,1.41540215053763E-05,0.000142697204301075
2.05,0.001057677,0,2.25,0.00977437999999999,2.27457419354839E-05,0.000210201720430107
2.1,0.0016356,0,2.25,0.01392023,3.51741935483871E-05,0.000299359784946236
2.15,0.0024497,0,2.25,0.0191864,5.26817204301075E-05,0.000412610752688172
2.2,0.00355424,0,2.25,0.0255803,7.64352688172043E-05,0.000550113978494623
2.25,0.00500773,0,2.25,0.0333089,0.00010769311827957,0.000716320430107526
2.3,0.00688513,0,2.25,0.0424234,0.000148067311827957,0.000912331182795698
2.35,0.00925007,0,2.25,0.0525997000000002,0.00019892623655914,0.00113117634408603
2.4,0.0121451,0,2.25,0.0641833,0.000261184946236559,0.00138028602150538
2.45,0.0156684,0,2.25,0.0770869999999999,0.000336954838709677,0.00165778494623656
2.5,0.0198538,0,2.25,0.0907959999999999,0.000426963440860215,0.00195260215053763
2.55,0.024748,0,2.25,0.104997,0.000532215053763441,0.002258
2.6,0.0303535,0,2.25,0.119901,0.000652763440860215,0.00257851612903227
2.65,0.0367381,0,2.25,0.135352,0.000790066666666667,0.00291079569892473
2.7,0.0438887,0,2.25,0.150609,0.000943843010752688,0.00323890322580645
2.75,0.051799,0,2.25,0.165771,0.00111395698924731,0.00356496774193548
2.8,0.0604658,0,2.25,0.180346,0.00130033978494624,0.00387840860215053
2.85,0.0698336,0,2.25,0.194790000000001,0.00150179784946237,0.00418903225806453
2.9,0.0799448,0,2.25,0.209085,0.00171924301075269,0.00449645161290322
2.95,0.0907421,0,2.25,0.200556,0.00195144301075269,0.00431303225806451
3,0.1000004,0,2.25,0.092582,0.00215054623655914,0.00199101075268817
3.05,0.1000003,0,2.25,0,0.00215054408602151,0
3.1,0.1000004,0,2.25,-1.00000000002876E-06,0.00215054623655914,-2.15053763468962E-08
3.15,0.1000002,0,2.25,-9.99999999889977E-07,0.00215054193548387,-2.15053763425593E-08
3.2,0.1000003,0,2.25,1.99999999991873E-06,0.00215054408602151,4.30107526894554E-08
3.25,0.1000004,0,2.25,9.99999999889977E-07,0.00215054623655914,2.15053763425593E-08
3.3,0.1000004,0,2.25,2.00000000005751E-06,0.00215054623655914,4.30107526894554E-08
3.35,0.1000006,0,2.25,1.00000000002876E-06,0.00215055053763441,2.15053763425594E-08
3.4,0.1000005,0,2.25,-2.99999999994749E-06,0.00215054838709677,-6.45161290320148E-08
3.45,0.1000003,0,2.25,-1.99999999991873E-06,0.00215054408602151,-4.30107526851186E-08
3.5,0.1000003,0,2.25,1.99999999991873E-06,0.00215054408602151,4.30107526851186E-08
3.55,0.1000005,0,2.25,-1.00000000002875E-06,0.00215054838709677,-2.15053763468961E-08
3.6,0.1000002,0,2.25,0,0.00215054193548387,0
3.65,0.1000005,0,2.25,1.00000000002875E-06,0.00215054838709677,2.15053763468961E-08
3.7,0.1000003,0,2.25,0,0.00215054408602151,0
3.75,0.1000005,0,2.25,9.99999999889977E-07,0.00215054838709677,2.15053763425593E-08
3.8,0.1000004,0,2.25,-1.00000000002875E-06,0.00215054623655914,-2.15053763425593E-08
3.85,0.1000004,0,2.25,-1.99999999991874E-06,0.00215054623655914,-4.30107526894556E-08
3.9,0.1000002,0,2.25,1.00000000002875E-06,0.00215054193548387,2.15053763425593E-08
3.95,0.1000005,0,2.25,1.00000000002875E-06,0.00215054838709677,2.15053763468961E-08
4,0.1000003,0,2.25,-3.99999999983748E-06,0.00215054408602151,-8.60215053702376E-08
0,1.121E-12,0,2.5,-3.74E-11,2.41075268817204E-14,-8.04301075268817E-13
0.05,-7.49E-13,0,2.5,-6.539E-11,-1.61075268817204E-14,-1.40623655913978E-12
0.1,-5.418E-12,0,2.5,-6.029E-11,-1.16516129032258E-13,-1.29655913978495E-12
0.15,-6.778E-12,0,2.5,1.37E-12,-1.45763440860215E-13,2.94623655913977E-14
0.2,-5.281E-12,0,2.5,1.81E-12,-1.13569892473118E-13,3.89247311827956E-14
0.25,-6.597E-12,0,2.5,-6.34E-12,-1.41870967741935E-13,-1.36344086021505E-13
0.3,-5.915E-12,0,2.5,2.536E-11,-1.27204301075269E-13,5.45376344086021E-13
0.35,-4.061E-12,0,2.5,1.689E-11,-8.73333333333333E-14,3.63225806451613E-13
0.4,-4.226E-12,0,2.5,5.84000000000001E-12,-9.08817204301075E-14,1.25591397849462E-13
0.45,-3.477E-12,0,2.5,-2.83E-12,-7.47741935483871E-14,-6.08602150537636E-14
0.5,-4.509E-12,0,2.5,2.798E-11,-9.69677419354839E-14,6.01720430107527E-13
0.55,-6.79E-13,0,2.5,5.507E-11,-1.46021505376344E-14,1.18430107526882E-12
0.6,9.98E-13,0,2.5,1.007E-10,2.14623655913978E-14,2.16559139784946E-12
0.65,9.391E-12,0,2.5,1.7264E-10,2.01956989247312E-13,3.71268817204301E-12
0.7,1.8262E-11,0,2.5,3.3993E-10,3.92731182795699E-13,7.31032258064516E-12
0.75,4.3384E-11,0,2.5,5.7656E-10,9.32989247311828E-13,1.23991397849462E-11
0.8,7.5918E-11,0,2.5,1.0795E-09,1.63264516129032E-12,2.32150537634409E-11
0.85,1.51334E-10,0,2.5,2.15646E-09,3.25449462365591E-12,4.63754838709677E-11
0.9,2.91564E-10,0,2.5,4.02256E-09,6.2701935483871E-12,8.65066666666666E-11
0.95,5.5359E-10,0,2.5,7.79146E-09,1.19051612903226E-11,1.67558279569892E-10
1,1.07071E-09,0,2.5,1.52252E-08,2.30260215053763E-11,3.27423655913979E-10
1.05,2.07611E-09,0,2.5,2.99242E-08,4.46475268817204E-11,6.43531182795698E-10
1.1,4.06313E-09,0,2.5,5.95042E-08,8.73791397849462E-11,1.27966021505376E-09
1.15,8.02653E-09,0,2.5,1.188157E-07,1.72613548387097E-10,2.55517634408602E-09
1.2,1.59447E-08,0,2.5,2.388377E-07,3.42896774193548E-10,5.13629462365592E-09
1.25,3.19103E-08,0,2.5,4.85207E-07,6.86243010752688E-10,1.04345591397849E-08
1.3,6.44654E-08,0,2.5,9.90436999999999E-07,1.38635268817204E-09,2.12997204301075E-08
1.35,1.30954E-07,0,2.5,2.026506E-06,2.81621505376344E-09,4.35807741935483E-08
1.4,2.67116E-07,0,2.5,4.13849000000001E-06,5.74443010752688E-09,8.89997849462367E-08
1.45,5.44803E-07,0,2.5,8.48581000000001E-06,1.17161935483871E-08,1.82490537634409E-07
1.5,1.115697E-06,0,2.5,1.735157E-05,2.39934838709677E-08,3.73152043010752E-07
1.55,2.27996E-06,0,2.5,3.532803E-05,4.90313978494624E-08,7.59742580645161E-07
1.6,4.6485E-06,0,2.5,7.10072999999999E-05,9.99677419354839E-08,1.52703870967742E-06
1.65,9.38069E-06,0,2.5,0.000140999,2.01735268817204E-07,3.03223655913979E-06
1.7,1.87484E-05,0,2.5,0.0002746481,4.03191397849462E-07,5.90641075268818E-06
1.75,3.68455E-05,0,2.5,0.00051785,7.92376344086021E-07,1.11365591397849E-05
1.8,7.05334E-05,0,2.5,0.000944294999999999,1.51684731182796E-06,2.03074193548387E-05
1.85,0.000131275,0,2.5,0.001656476,2.82311827956989E-06,3.56231397849462E-05
1.9,0.000236181,0,2.5,0.00276921,5.07916129032258E-06,5.95529032258065E-05
1.95,0.000408196,0,2.5,0.00443763000000001,8.77840860215054E-06,9.54329032258066E-05
2,0.000679944,0,2.5,0.00682036000000001,1.46224516129032E-05,0.000146674408602151
2.05,0.001090232,0,2.5,0.01002076,2.34458494623656E-05,0.000215500215053763
2.1,0.00168202,0,2.5,0.01423458,3.61724731182796E-05,0.00030612
2.15,0.00251369,0,2.5,0.0195863,5.40578494623656E-05,0.000421210752688172
2.2,0.00364065,0,2.5,0.0260657,7.82935483870968E-05,0.000560552688172042
2.25,0.00512026,0,2.5,0.0338899,0.00011011311827957,0.00072881505376344
2.3,0.00702964,0,2.5,0.0431133,0.000151175053763441,0.000927167741935483
2.35,0.00943159,0,2.5,0.0533886000000002,0.000202829892473118,0.00114814193548388
2.4,0.0123685,0,2.5,0.0650880999999999,0.000265989247311828,0.0013997440860215
2.45,0.0159404,0,2.5,0.0781159999999999,0.000342804301075269,0.00167991397849462
2.5,0.0201801,0,2.5,0.0919409999999999,0.00043398064516129,0.00197722580645161
2.55,0.0251345,0,2.5,0.106255,0.00054052688172043,0.00228505376344086
2.6,0.0308056,0,2.5,0.121281,0.000662486021505376,0.00260819354838711
2.65,0.0372626,0,2.5,0.136851,0.00080134623655914,0.00294303225806451
2.7,0.0444907,0,2.5,0.152217,0.000956789247311828,0.00327348387096774
2.75,0.0524843,0,2.5,0.167493,0.00112869462365591,0.003602
2.8,0.06124,0,2.5,0.182189,0.00131698924731183,0.00391804301075268
2.85,0.0707032,0,2.5,0.196734000000001,0.00152049892473118,0.00423083870967743
2.9,0.0809134,0,2.5,0.211137,0.00174007311827957,0.00454058064516129
2.95,0.0918169,0,2.5,0.19087,0.00197455698924731,0.0041047311827957
3,0.1000004,0,2.5,0.081833,0.00215054623655914,0.00175984946236559
3.05,0.1000002,0,2.5,1.00000000002875E-06,0.00215054193548387,2.15053763425593E-08
3.1,0.1000005,0,2.5,-2.00000000005752E-06,0.00215054838709677,-4.30107526851188E-08
3.15,0.1,0,2.5,-1.99999999991873E-06,0.0021505376344086,-4.30107526851186E-08
3.2,0.1000003,0,2.5,5.000000000005E-06,0.00215054408602151,1.07526881717133E-07
3.25,0.1000005,0,2.5,-4.00000000011502E-06,0.00215054838709677,-8.60215053789109E-08
3.3,0.0999999,0,2.5,0,0.00215053548387097,0
3.35,0.1000005,0,2.5,4.00000000011504E-06,0.00215054838709677,8.60215053789113E-08
3.4,0.1000003,0,2.5,-1.00000000002875E-06,0.00215054408602151,-2.15053763425593E-08
3.45,0.1000004,0,2.5,-1.00000000002875E-06,0.00215054623655914,-2.15053763468961E-08
3.5,0.1000002,0,2.5,1.00000000002875E-06,0.00215054193548387,2.15053763425593E-08
3.55,0.1000005,0,2.5,1.99999999991873E-06,0.00215054838709677,4.30107526894554E-08
3.6,0.1000004,0,2.5,-1.99999999991874E-06,0.00215054623655914,-4.30107526851188E-08
3.65,0.1000003,0,2.5,-1.99999999991873E-06,0.00215054408602151,-4.30107526894554E-08
3.7,0.1000002,0,2.5,0,0.00215054193548387,0
3.75,0.1000003,0,2.5,0,0.00215054408602151,0
3.8,0.1000002,0,2.5,-1.00000000002875E-06,0.00215054193548387,-2.15053763468961E-08
3.85,0.1000002,0,2.5,0,0.00215054193548387,0
3.9,0.1000002,0,2.5,1.00000000002875E-06,0.00215054193548387,2.15053763468961E-08
3.95,0.1000003,0,2.5,5.000000000005E-06,0.00215054408602151,1.0752688172147E-07
4,0.1000007,0,2.5,7.99999999995252E-06,0.00215055268817204,1.72043010749149E-07
